89,CXIZZB004V010001,I enjoy attending social events,Agree,Agree,Neutral,Neutral,Slightly Agree,Slightly Agree,Neutral,Agree,Agree,Neutral,Agree,Slightly Agree,Agree,Agree,Agree,Neutral,Slightly Agree,Slightly Agree,Slightly Agree,Slightly Agree,Agree,Agree,Slightly Agree,Agree,Agree,Agree,Slightly Disagree,Agree,Agree,Slightly Agree,Agree,Agree,Agree,Agree,Slightly Agree,Slightly Disagree,Agree,Agree,Slightly Agree,Slightly Agree,Agree,Slightly Agree,Neutral,Agree,Agree,Agree,Slightly Agree,Agree,Agree,Slightly Agree,Slightly Disagree,Agree,Agree,Agree,Slightly Agree,Agree,Slightly Disagree,Slightly Agree,Slightly Agree,Agree,Slightly Agree,Agree,Agree,Agree,Agree,Agree,Slightly Agree,Slightly Agree,Disagree,Agree,Neutral,Slightly Disagree,Disagree,Agree,Agree,Agree,Agree,Neutral,Agree,Agree,Agree,Slightly Agree,Agree,Neutral,Agree,Slightly Disagree,5,Agree,3,Neutral,4,Slightly Agree,4,Slightly Agree,2,Slightly Disagree,3,Neutral,5,Agree,5,Agree,5,Agree,5,Agree,5,Agree,5,Agree,5,Agree,5,Agree,3,Neutral,5,Agree,4,Slightly Agree,4,Slightly Agree,5,Agree,5,Agree,3,Neutral,4,Slightly Agree,2,Slightly Disagree,5,Agree,5,Agree,5,Agree,5,Agree,5,Agree,5,Agree,4,Slightly Agree,1,Disagree,5,Agree,5,Agree,5,Agree,5,Agree,5,Agree,5,Agree,4,Slightly Agree,5,Agree,3,Neutral,3,Neutral,3,Neutral,5,Agree,5,Agree,5,Agree,2,Slightly Disagree,4,Slightly Agree,4,Slightly Agree,1,Disagree,1,Disagree,1,Disagree,4,Slightly Agree,5,Agree,5,Agree,1,Disagree,2,Slightly Disagree,4,Slightly Agree,1,Disagree
90,CXIZZB004V010002,I feel little concern for others,Agree,Agree,Neutral,Agree,Agree,Neutral,Neutral,Slightly Disagree,Disagree,Disagree,Neutral,Agree,Neutral,Agree,Agree,Neutral,Slightly Agree,Agree,Agree,Agree,Agree,Agree,Slightly Disagree,Slightly Disagree,Agree,Slightly Agree,Disagree,Slightly Disagree,Neutral,Disagree,Disagree,Agree,Slightly Disagree,Disagree,Agree,Agree,Neutral,Disagree,Disagree,Agree,Slightly Agree,Slightly Agree,Slightly Agree,Disagree,Disagree,Agree,Agree,Slightly Agree,Agree,Slightly Agree,Slightly Disagree,Agree,Disagree,Slightly Disagree,Agree,Neutral,Neutral,Disagree,Disagree,Agree,Slightly Agree,Neutral,Disagree,Agree,Slightly Disagree,Agree,Slightly Agree,Neutral,Slightly Agree,Disagree,Neutral,Slightly Agree,Agree,Slightly Agree,Slightly Agree,Slightly Agree,Disagree,Slightly Agree,Slightly Agree,Slightly Agree,Slightly Agree,Slightly Agree,Slightly Agree,Disagree,Agree,Slightly Agree,4,Slightly Agree,4,Slightly Agree,4,Slightly Agree,4,Slightly Agree,4,Slightly Agree,3,Neutral,5,Agree,2,Slightly Disagree,4,Slightly Agree,4,Slightly Agree,4,Slightly Agree,4,Slightly Agree,5,Agree,5,Agree,3,Neutral,3,Neutral,3,Neutral,5,Agree,4,Slightly Agree,4,Slightly Agree,3,Neutral,4,Slightly Agree,1,Disagree,4,Slightly Agree,1,Disagree,5,Agree,1,Disagree,5,Agree,4,Slightly Agree,5,Agree,1,Disagree,5,Agree,4,Slightly Agree,4,Slightly Agree,5,Agree,5,Agree,5,Agree,5,Agree,5,Agree,1,Disagree,1,Disagree,4,Slightly Agree,1,Disagree,3,Neutral,5,Agree,2,Slightly Disagree,4,Slightly Agree,4,Slightly Agree,5,Agree,5,Agree,1,Disagree,3,Neutral,5,Agree,5,Agree,1,Disagree,5,Agree,4,Slightly Agree,5,Agree
91,CXIZZB004V010003,I am always prepared,Agree,Agree,Slightly Agree,Agree,Slightly Agree,Agree,Slightly Agree,Slightly Agree,Agree,Agree,Agree,Agree,Agree,Agree,Agree,Agree,Slightly Agree,Slightly Agree,Slightly Agree,Agree,Slightly Agree,Slightly Agree,Slightly Agree,Agree,Agree,Agree,Agree,Agree,Agree,Agree,Slightly Disagree,Agree,Agree,Agree,Agree,Slightly Disagree,Agree,Slightly Agree,Agree,Agree,Agree,Slightly Agree,Slightly Disagree,Slightly Disagree,Agree,Slightly Agree,Slightly Agree,Agree,Agree,Agree,Agree,Slightly Agree,Agree,Slightly Agree,Agree,Agree,Agree,Agree,Slightly Agree,Agree,Slightly Agree,Agree,Agree,Agree,Slightly Agree,Agree,Agree,Agree,Agree,Agree,Neutral,Agree,Agree,Slightly Agree,Slightly Agree,Neutral,Agree,Slightly Agree,Agree,Agree,Agree,Agree,Agree,Slightly Agree,Agree,Slightly Disagree,4,Slightly Agree,4,Slightly Agree,4,Slightly Agree,5,Agree,4,Slightly Agree,5,Agree,5,Agree,5,Agree,5,Agree,3,Neutral,5,Agree,2,Slightly Disagree,5,Agree,5,Agree,5,Agree,4,Slightly Agree,4,Slightly Agree,5,Agree,3,Neutral,5,Agree,4,Slightly Agree,4,Slightly Agree,5,Agree,4,Slightly Agree,3,Neutral,5,Agree,2,Slightly Disagree,5,Agree,4,Slightly Agree,5,Agree,1,Disagree,4,Slightly Agree,5,Agree,5,Agree,4,Slightly Agree,4,Slightly Agree,4,Slightly Agree,4,Slightly Agree,5,Agree,1,Disagree,1,Disagree,4,Slightly Agree,5,Agree,2,Slightly Disagree,5,Agree,2,Slightly Disagree,2,Slightly Disagree,2,Slightly Disagree,1,Disagree,1,Agree,5,Agree,5,Agree,5,Agree,5,Agree,1,Disagree,1,Disagree,4,Slightly Agree,5,Agree
92,CXIZZB004V010004,I get stressed out easily,Agree,Slightly Agree,Neutral,Disagree,Slightly Disagree,Disagree,Disagree,Neutral,Slightly Disagree,Disagree,Neutral,Neutral,Disagree,Agree,Slightly Disagree,Neutral,Disagree,Slightly Agree,Neutral,Neutral,Disagree,Slightly Agree,Slightly Agree,Slightly Disagree,Disagree,Neutral,Slightly Agree,Disagree,Neutral,Disagree,Disagree,Disagree,Agree,Slightly Disagree,Agree,Disagree,Slightly Disagree,Disagree,Disagree,Disagree,Disagree,Slightly Disagree,Neutral,Slightly Agree,Agree,Disagree,Slightly Agree,Disagree,Disagree,Slightly Disagree,Slightly Agree,Slightly Disagree,Disagree,Slightly Agree,Slightly Disagree,Disagree,Agree,Disagree,Disagree,Neutral,Slightly Disagree,Agree,Disagree,Neutral,Slightly Disagree,Disagree,Disagree,Disagree,Disagree,Agree,Slightly Agree,Slightly Disagree,Neutral,Agree,Agree,Slightly Agree,Agree,Disagree,Slightly Agree,Slightly Disagree,Slightly Agree,Slightly Disagree,Agree,Slightly Agree,Neutral,Disagree,2,Slightly Disagree,2,Slightly Disagree,3,Neutral,2,Slightly Disagree,1,Disagree,2,Slightly Disagree,2,Slightly Disagree,2,Slightly Disagree,4,Slightly Agree,2,Slightly Disagree,1,Disagree,4,Slightly Agree,1,Disagree,5,Agree,1,Disagree,2,Slightly Disagree,3,Neutral,2,Slightly Disagree,2,Slightly Disagree,1,Disagree,2,Slightly Disagree,1,Disagree,1,Disagree,2,Slightly Disagree,4,Slightly Agree,1,Disagree,2,Slightly Disagree,3,Neutral,4,Slightly Agree,2,Slightly Disagree,3,Neutral,1,Disagree,1,Disagree,1,Disagree,3,Neutral,3,Neutral,3,Neutral,2,Slightly Disagree,5,Agree,2,Slightly Disagree,2,Slightly Disagree,4,Slightly Agree,5,Agree,5,Agree,1,Disagree,4,Slightly Agree,1,Disagree,5,Agree,5,Agree,1,Agree,1,Disagree,3,Neutral,4,Slightly Agree,1,Disagree,3,Neutral,1,Disagree,5,Agree,1,Disagree
93,CXIZZB004V010005,I can read and write effortlessly,Disagree,Agree,Neutral,Agree,Agree,Agree,Disagree,Neutral,Agree,Agree,Slightly Agree,Slightly Agree,Agree,Agree,Agree,Slightly Agree,Agree,Slightly Agree,Slightly Agree,Agree,Agree,Disagree,Agree,Agree,Neutral,Agree,Disagree,Agree,Slightly Agree,Agree,Agree,Agree,Agree,Agree,Agree,Agree,Agree,Slightly Agree,Agree,Agree,Agree,Slightly Disagree,Slightly Agree,Agree,Agree,Agree,Slightly Disagree,Disagree,Agree,Slightly Agree,Agree,Agree,Agree,Neutral,Agree,Agree,Neutral,Slightly Disagree,Slightly Agree,Agree,Slightly Agree,Slightly Agree,Agree,Neutral,Agree,Agree,Agree,Agree,Neutral,Disagree,Agree,Agree,Agree,Agree,Slightly Agree,Disagree,Slightly Agree,Slightly Agree,Agree,Slightly Disagree,Agree,Agree,Slightly Disagree,Neutral,Agree,Agree,1,Disagree,,,5,Agree,5,Agree,4,Slightly Agree,4,Slightly Agree,5,Agree,2,Slightly Disagree,5,Agree,5,Agree,5,Agree,5,Agree,5,Agree,5,Agree,5,Agree,5,Agree,4,Slightly Agree,5,Agree,5,Agree,4,Slightly Agree,5,Agree,5,Agree,5,Agree,4,Slightly Agree,4,Slightly Agree,5,Agree,2,Slightly Disagree,5,Agree,5,Agree,5,Agree,2,Slightly Disagree,5,Disagree,5,Agree,5,Agree,4,Slightly Agree,4,Slightly Agree,4,Slightly Agree,5,Agree,5,Agree,2,Slightly Disagree,2,Slightly Disagree,5,Agree,1,Disagree,2,Slightly Disagree,5,Agree,5,Agree,5,Agree,5,Agree,5,Agree,1,Agree,5,Agree,5,Agree,5,Agree,5,Agree,4,Slightly Agree,5,Agree,5,Agree,5,Agree
94,CXIZZB004V010006,I don’t talk a lot,Neutral,Slightly Agree,Neutral,Agree,Slightly Agree,Slightly Agree,Disagree,Neutral,Disagree,Agree,Slightly Agree,Disagree,Agree,Slightly Agree,Disagree,Neutral,Slightly Agree,Disagree,Slightly Agree,Neutral,Disagree,Neutral,Slightly Agree,Slightly Disagree,Slightly Agree,Slightly Disagree,Neutral,Agree,Slightly Agree,Disagree,Disagree,Disagree,Disagree,Agree,Slightly Disagree,Agree,Agree,Disagree,Disagree,Slightly Disagree,Disagree,Slightly Disagree,Agree,Disagree,Agree,Slightly Agree,Slightly Agree,Slightly Agree,Disagree,Neutral,Agree,Disagree,Agree,Neutral,Agree,Neutral,Neutral,Disagree,Slightly Agree,Disagree,Neutral,Slightly Agree,Agree,Neutral,Neutral,Disagree,Agree,Slightly Agree,Agree,Neutral,Slightly Agree,Slightly Disagree,Disagree,Slightly Agree,Agree,Neutral,Agree,Slightly Disagree,Slightly Agree,Disagree,Slightly Agree,Slightly Agree,Disagree,Neutral,Slightly Disagree,Slightly Agree,5,Agree,3,Neutral,1,Disagree,2,Slightly Disagree,1,,2,Slightly Disagree,1,Disagree,2,Slightly Disagree,4,Slightly Agree,5,Agree,4,Slightly Agree,4,Slightly Agree,5,Agree,4,Slightly Agree,3,Neutral,3,Neutral,2,Slightly Disagree,1,Disagree,4,Slightly Agree,5,Agree,2,Slightly Disagree,2,Slightly Disagree,2,Slightly Disagree,1,Disagree,4,Slightly Agree,5,Agree,4,Slightly Agree,1,Disagree,4,Slightly Agree,1,Disagree,3,Neutral,2,Slightly Disagree,1,Disagree,5,Agree,2,Slightly Disagree,2,Slightly Disagree,2,Slightly Disagree,4,Slightly Agree,5,Agree,3,Neutral,1,Disagree,1,Disagree,3,Neutral,3,Neutral,4,Slightly Agree,3,Neutral,2,Slightly Disagree,1,Disagree,5,Agree,5,Agree,5,Agree,1,Disagree,1,Disagree,5,Agree,2,Slightly Disagree,4,Slightly Agree,4,Slightly Agree,5,Agree
95,CXIZZB004V010007,I am interested in people,Agree,Agree,Neutral,Neutral,Agree,Disagree,Neutral,Neutral,Agree,Agree,Neutral,Slightly Agree,Neutral,Slightly Agree,Neutral,Agree,Agree,Slightly Agree,Slightly Agree,Neutral,Slightly Agree,Agree,Agree,Slightly Agree,Neutral,Slightly Agree,Slightly Disagree,Slightly Disagree,Neutral,Agree,Agree,Agree,Agree,Agree,Agree,Slightly Agree,Slightly Agree,Agree,Slightly Agree,Neutral,Agree,Agree,Slightly Agree,Slightly Agree,Neutral,Agree,Neutral,Neutral,Agree,Slightly Agree,Slightly Agree,Agree,Agree,Slightly Agree,Agree,Agree,Slightly Agree,Agree,Agree,Slightly Agree,Slightly Agree,Agree,Neutral,Agree,Agree,Agree,Slightly Agree,Agree,Agree,Agree,Agree,Agree,Agree,Slightly Agree,Slightly Agree,Neutral,Slightly Agree,Agree,Agree,Slightly Agree,Agree,Slightly Agree,Agree,Neutral,Agree,Slightly Agree,5,Agree,4,Slightly Agree,4,Slightly Agree,5,Agree,5,Agree,4,Slightly Agree,5,Agree,4,Slightly Agree,5,Agree,4,Slightly Agree,5,Agree,4,Slightly Agree,5,Agree,4,Slightly Agree,5,Agree,5,Agree,5,Agree,5,Agree,5,Agree,5,Agree,5,Agree,4,Slightly Agree,5,Agree,5,Agree,3,Neutral,5,Agree,5,Agree,5,Agree,5,Agree,5,Agree,1,Disagree,5,Disagree,5,Agree,5,Agree,2,Slightly Disagree,2,Slightly Disagree,2,Slightly Disagree,5,Agree,5,Agree,5,Agree,4,Slightly Agree,4,Slightly Agree,5,Agree,5,Agree,4,Slightly Agree,4,Slightly Agree,4,Slightly Agree,4,Slightly Agree,1,Disagree,5,Agree,5,Agree,5,Agree,5,Agree,5,Agree,2,Slightly Disagree,5,Agree,5,Agree,5,Agree
96,CXIZZB004V010008,I keep my things spread all over,Disagree,Neutral,Slightly Disagree,Disagree,Disagree,Agree,Agree,Neutral,Disagree,Disagree,Neutral,Slightly Agree,Agree,Slightly Disagree,Disagree,Slightly Disagree,Disagree,Agree,Slightly Disagree,Disagree,Disagree,Agree,Neutral,Slightly Agree,Disagree,Slightly Disagree,Disagree,Disagree,Agree,Disagree,Slightly Agree,Disagree,Disagree,Disagree,Disagree,Disagree,Slightly Disagree,Neutral,Disagree,Disagree,Agree,Slightly Agree,Neutral,Agree,Disagree,Agree,Slightly Disagree,Slightly Disagree,Slightly Agree,Disagree,Disagree,Slightly Agree,Disagree,Slightly Agree,Agree,Disagree,Agree,Disagree,Disagree,Slightly Agree,Neutral,Slightly Agree,Disagree,Disagree,Slightly Disagree,Disagree,Disagree,Neutral,Disagree,Agree,Disagree,Slightly Agree,Disagree,Slightly Agree,Disagree,Neutral,Slightly Agree,Slightly Disagree,Disagree,Agree,Disagree,Disagree,Slightly Disagree,Slightly Disagree,Slightly Agree,Disagree,5,Agree,1,Disagree,1,Disagree,1,Disagree,3,Neutral,4,Slightly Agree,1,Disagree,2,Slightly Disagree,2,Slightly Disagree,1,Disagree,2,Slightly Disagree,1,Disagree,1,Disagree,4,Slightly Agree,1,Disagree,2,Slightly Disagree,1,Disagree,1,Disagree,1,Disagree,1,Disagree,2,Slightly Disagree,5,Agree,1,Disagree,5,Agree,3,Neutral,1,Disagree,2,Slightly Disagree,1,Disagree,1,Disagree,5,Agree,4,Slightly Agree,4,Slightly Agree,1,Disagree,1,Disagree,1,Disagree,1,Disagree,1,Disagree,1,Disagree,1,Disagree,1,Disagree,5,Agree,2,Slightly Disagree,1,Disagree,1,Disagree,1,Disagree,5,Agree,1,Disagree,1,Disagree,5,Agree,5,Agree,1,Disagree,1,Disagree,1,Disagree,1,Disagree,1,Disagree,1,Disagree,2,Slightly Disagree,1,Disagree
97,CXIZZB004V010009,I am relaxed most of the time,Agree,Neutral,Slightly Disagree,Agree,Slightly Agree,Agree,Slightly Agree,Slightly Disagree,Slightly Disagree,Slightly Disagree,Neutral,Slightly Agree,Slightly Disagree,Neutral,Slightly Agree,Neutral,Agree,Slightly Disagree,Slightly Agree,Agree,Agree,Disagree,Slightly Disagree,Slightly Disagree,Neutral,Slightly Disagree,Slightly Disagree,Slightly Disagree,Agree,Slightly Agree,Agree,Disagree,Neutral,Slightly Disagree,Neutral,Slightly Agree,Disagree,Slightly Agree,Slightly Agree,Neutral,Agree,Slightly Agree,Disagree,Slightly Disagree,Slightly Disagree,Slightly Agree,Slightly Disagree,Neutral,Slightly Agree,Slightly Disagree,Slightly Agree,Agree,Agree,Slightly Disagree,Agree,Disagree,Disagree,Slightly Agree,Neutral,Disagree,Slightly Agree,Disagree,Disagree,Slightly Disagree,Slightly Agree,Agree,Agree,Slightly Agree,Agree,Disagree,Agree,Slightly Agree,Neutral,Slightly Agree,Disagree,Slightly Agree,Slightly Agree,Neutral,Agree,Neutral,Slightly Agree,Agree,Slightly Agree,Neutral,Agree,Slightly Disagree,5,Agree,3,Neutral,5,Agree,4,Slightly Agree,4,Slightly Agree,3,Neutral,3,Neutral,1,Disagree,4,Slightly Agree,4,Slightly Agree,4,Slightly Agree,2,Slightly Disagree,4,Slightly Agree,5,Agree,3,Neutral,5,Agree,3,Neutral,4,Slightly Agree,4,Slightly Agree,1,Disagree,5,Agree,4,Slightly Agree,4,Slightly Agree,5,Agree,4,Slightly Agree,4,Slightly Agree,2,Slightly Disagree,4,Slightly Agree,4,Slightly Agree,4,Slightly Agree,1,Disagree,2,Slightly Disagree,3,Neutral,5,Agree,4,Slightly Agree,4,Slightly Agree,4,Slightly Agree,4,Slightly Agree,5,Agree,3,Neutral,5,Agree,2,Slightly Disagree,5,Agree,5,Agree,5,Agree,2,Slightly Disagree,2,Slightly Disagree,5,Agree,5,Agree,1,Disagree,5,Agree,3,Neutral,3,Neutral,5,Agree,1,Disagree,2,Slightly Disagree,5,Disagree,5,Agree
98,CXIZZB004V010010,I can’t understand difficult concepts and ideas,Disagree,Slightly Disagree,Neutral,Disagree,Disagree,Slightly Disagree,Neutral,Neutral,Neutral,Disagree,Neutral,Slightly Disagree,Disagree,Disagree,Disagree,Slightly Disagree,Disagree,Slightly Agree,Slightly Agree,Disagree,Disagree,Neutral,Neutral,Slightly Disagree,Disagree,Slightly Disagree,Disagree,Disagree,Disagree,Disagree,Disagree,Disagree,Disagree,Disagree,Slightly Agree,Slightly Agree,Slightly Disagree,Disagree,Slightly Agree,Slightly Disagree,Slightly Disagree,Slightly Disagree,Slightly Disagree,Neutral,Neutral,Disagree,Slightly Agree,Disagree,Disagree,Disagree,Disagree,Slightly Disagree,Agree,Slightly Disagree,Neutral,Disagree,Disagree,Slightly Agree,Neutral,Disagree,Slightly Disagree,Disagree,Disagree,Disagree,Disagree,Disagree,Slightly Disagree,Neutral,Disagree,Agree,Neutral,Slightly Disagree,Disagree,Slightly Agree,Disagree,Disagree,Slightly Agree,Disagree,Slightly Agree,Slightly Disagree,Slightly Agree,Slightly Agree,Neutral,Slightly Agree,Slightly Disagree,Disagree,5,Agree,2,Slightly Disagree,4,Slightly Agree,1,Disagree,4,Slightly Agree,4,Slightly Agree,1,Disagree,5,Agree,2,Slightly Disagree,1,Disagree,1,Disagree,3,Neutral,4,Slightly Agree,2,Slightly Disagree,1,Disagree,1,Disagree,4,Slightly Agree,4,Slightly Agree,1,Disagree,4,Slightly Agree,2,Slightly Disagree,2,Slightly Disagree,1,Disagree,5,Agree,2,Slightly Disagree,4,Slightly Agree,4,Slightly Agree,2,Slightly Disagree,1,Disagree,5,Agree,3,Neutral,2,Slightly Disagree,1,Disagree,5,Agree,2,Slightly Disagree,2,Slightly Disagree,2,Slightly Disagree,5,Agree,5,Agree,2,Slightly Disagree,1,Disagree,4,Slightly Agree,3,Neutral,5,Agree,4,Slightly Agree,3,Neutral,4,Slightly Agree,5,Agree,5,Agree,5,Agree,1,Disagree,4,Slightly Agree,4,Slightly Agree,1,Disagree,5,Agree,2,Slightly Disagree,4,Slightly Agree,5,Agree
99,CXIZZB004V010011,I feel comfortable around people,Neutral,Agree,Neutral,Agree,Agree,Agree,Agree,Slightly Agree,Agree,Agree,Slightly Disagree,Slightly Agree,Agree,Slightly Agree,Agree,Neutral,Slightly Agree,Slightly Agree,Slightly Agree,Agree,Agree,Agree,Agree,Slightly Agree,Agree,Agree,Slightly Disagree,Slightly Disagree,Agree,Agree,Agree,Agree,Neutral,Agree,Agree,Slightly Agree,Slightly Agree,Agree,Agree,Slightly Agree,Slightly Agree,Slightly Agree,Neutral,Slightly Agree,Neutral,Agree,Agree,Agree,Agree,Slightly Agree,Slightly Agree,Agree,Agree,Slightly Agree,Neutral,Agree,Agree,Neutral,Slightly Agree,Agree,Slightly Agree,Agree,Slightly Disagree,Agree,Agree,Agree,Slightly Agree,Agree,Agree,Agree,Agree,Slightly Disagree,Agree,Slightly Agree,Disagree,Slightly Agree,Slightly Agree,Slightly Agree,Slightly Agree,Agree,Agree,Slightly Agree,Agree,Neutral,Agree,Slightly Disagree,5,Agree,3,Neutral,5,Agree,5,Agree,5,Agree,4,Slightly Agree,5,Agree,5,Agree,4,Slightly Agree,4,Slightly Agree,5,Agree,4,Slightly Agree,5,Agree,5,Agree,5,Agree,4,Slightly Agree,5,Agree,5,Agree,5,Agree,5,Agree,4,Slightly Agree,2,Slightly Disagree,5,Agree,5,Agree,4,Slightly Agree,5,Agree,2,Slightly Disagree,5,Agree,4,Slightly Agree,5,Agree,1,Disagree,5,Agree,5,Agree,5,Agree,5,Agree,5,Agree,5,Agree,5,Agree,5,Agree,5,Agree,3,Neutral,4,Slightly Agree,5,Agree,5,Agree,5,Agree,5,Agree,4,Slightly Agree,3,Neutral,1,Disagree,1,Disagree,3,Neutral,5,Agree,5,Agree,5,Agree,2,Slightly Disagree,5,Agree,5,Agree,5,Agree
100,CXIZZB004V010012,I insult people,Disagree,Disagree,Neutral,Disagree,Disagree,Disagree,Disagree,Slightly Disagree,Disagree,Disagree,Disagree,Slightly Disagree,Disagree,Disagree,Disagree,Slightly Disagree,Disagree,Slightly Agree,Neutral,Disagree,Disagree,Disagree,Disagree,Disagree,Disagree,Slightly Disagree,Disagree,Disagree,Disagree,Disagree,Disagree,Slightly Agree,Disagree,Disagree,Disagree,Disagree,Disagree,Slightly Disagree,Slightly Agree,Disagree,Agree,Disagree,Disagree,Slightly Disagree,Disagree,Disagree,Disagree,Disagree,Disagree,Disagree,Slightly Agree,Disagree,Agree,Disagree,Disagree,Disagree,Neutral,Disagree,Disagree,Disagree,Slightly Agree,Disagree,Disagree,Disagree,Disagree,Disagree,Disagree,Disagree,Slightly Disagree,Agree,Disagree,Agree,Disagree,Slightly Agree,Disagree,Disagree,Disagree,Disagree,Disagree,Disagree,Disagree,Disagree,Slightly Disagree,Disagree,Disagree,Agree,1,Disagree,2,Slightly Disagree,1,Disagree,1,Disagree,1,Disagree,3,Neutral,4,Slightly Agree,2,Slightly Disagree,3,Neutral,1,Disagree,2,Slightly Disagree,1,Disagree,1,Disagree,1,Disagree,1,Disagree,3,Neutral,1,Disagree,1,Disagree,2,Slightly Disagree,1,Disagree,1,Disagree,1,Disagree,1,Disagree,1,Disagree,1,Disagree,1,Disagree,1,Disagree,3,Neutral,1,Disagree,1,Disagree,4,Slightly Agree,1,Disagree,1,Disagree,1,Disagree,4,Slightly Agree,4,Slightly Agree,4,Slightly Agree,1,Disagree,1,Disagree,2,Slightly Disagree,5,Agree,2,Slightly Disagree,1,Disagree,4,Slightly Agree,1,Disagree,1,Disagree,3,Neutral,1,Disagree,5,Agree,5,Agree,5,Agree,1,Disagree,1,Disagree,1,Disagree,1,Disagree,3,Neutral,1,Disagree,1,Disagree
101,CXIZZB004V010013,I pay attention to details,Agree,Agree,Slightly Agree,Agree,Agree,Agree,Agree,Neutral,Agree,Agree,Slightly Agree,Slightly Agree,Agree,Agree,Agree,Agree,Agree,Agree,Slightly Agree,Agree,Agree,Agree,Neutral,Agree,Agree,Agree,Agree,Agree,Agree,Agree,Agree,Agree,Agree,Agree,Agree,Agree,Agree,Agree,Agree,Agree,Agree,Agree,Slightly Agree,Agree,Agree,Slightly Agree,Agree,Agree,Slightly Agree,Agree,Slightly Agree,Agree,Agree,Agree,Agree,Agree,Neutral,Agree,Agree,Agree,Slightly Agree,Agree,Disagree,Agree,Agree,Agree,Agree,Agree,Agree,Agree,Neutral,Slightly Disagree,Agree,Agree,Agree,Agree,Agree,Agree,Slightly Agree,Slightly Agree,Agree,Agree,Agree,Neutral,Agree,Agree,5,Agree,4,Slightly Agree,5,Agree,5,Agree,5,Agree,4,Slightly Agree,5,Agree,5,Agree,5,Agree,5,Agree,5,Agree,4,Slightly Agree,5,Agree,5,Agree,5,Agree,3,Neutral,4,Slightly Agree,4,Slightly Agree,5,Agree,4,Slightly Agree,5,Agree,4,Slightly Agree,5,Agree,5,Agree,2,Slightly Disagree,5,Agree,5,Agree,5,Agree,5,Agree,5,Agree,2,Slightly Disagree,4,Slightly Agree,5,Agree,5,Agree,2,Slightly Disagree,2,Slightly Disagree,2,Slightly Disagree,5,Agree,5,Agree,4,Slightly Agree,5,Agree,4,Slightly Agree,5,Agree,5,Agree,5,Agree,3,Neutral,5,Agree,5,Agree,1,Disagree,3,Neutral,3,Neutral,4,Slightly Agree,5,Agree,5,Agree,5,Agree,1,Disagree,5,Agree,5,Agree
102,CXIZZB004V010014,I worry constantly,Disagree,Agree,Slightly Disagree,Disagree,Disagree,Slightly Disagree,Disagree,Neutral,Slightly Agree,Agree,Slightly Disagree,Slightly Disagree,Disagree,Agree,Disagree,Slightly Disagree,Slightly Agree,Agree,Neutral,Disagree,Slightly Disagree,Neutral,Slightly Agree,Slightly Disagree,Disagree,Disagree,Slightly Disagree,Disagree,Disagree,Disagree,Disagree,Disagree,Neutral,Slightly Agree,Disagree,Slightly Disagree,Slightly Disagree,Disagree,Slightly Agree,Disagree,Slightly Agree,Slightly Agree,Disagree,Neutral,Agree,Slightly Disagree,Slightly Disagree,Slightly Disagree,Disagree,Neutral,Slightly Agree,Agree,Slightly Disagree,Neutral,Neutral,Disagree,Neutral,Agree,Disagree,Disagree,Slightly Disagree,Disagree,Disagree,Disagree,Slightly Disagree,Disagree,Agree,Slightly Agree,Disagree,Agree,Disagree,Agree,Neutral,Slightly Agree,Slightly Agree,Neutral,Disagree,Neutral,Slightly Agree,Slightly Agree,Disagree,Slightly Disagree,Neutral,Neutral,Disagree,Disagree,5,Agree,3,Neutral,1,Disagree,4,Slightly Agree,2,Slightly Disagree,3,Neutral,2,Slightly Disagree,4,Slightly Agree,4,Slightly Agree,5,Agree,4,Slightly Agree,2,Slightly Disagree,2,Slightly Disagree,5,Agree,3,Neutral,2,Slightly Disagree,3,Neutral,1,Disagree,1,Disagree,1,Disagree,2,Slightly Disagree,3,Neutral,1,Disagree,5,Agree,3,Neutral,2,Slightly Disagree,2,Slightly Disagree,3,Neutral,4,Slightly Agree,4,Slightly Agree,4,Slightly Agree,3,Neutral,1,Disagree,3,Neutral,4,Slightly Agree,4,Slightly Agree,4,Slightly Agree,2,Slightly Disagree,1,Disagree,2,Slightly Disagree,2,Slightly Disagree,5,Agree,3,Neutral,4,Slightly Agree,1,Disagree,2,Slightly Disagree,4,Slightly Agree,1,Disagree,5,Agree,1,Disagree,1,Disagree,3,Neutral,1,Disagree,1,Disagree,5,Agree,1,Disagree,3,Neutral,1,Disagree
103,CXIZZB004V010015,I have a vivid imagination,Agree,Neutral,Neutral,Agree,Slightly Agree,Slightly Disagree,Neutral,Neutral,Agree,Slightly Agree,Neutral,Slightly Agree,Neutral,Slightly Agree,Neutral,Neutral,Disagree,Slightly Agree,Slightly Agree,Agree,Agree,Slightly Agree,Slightly Agree,Neutral,Agree,Slightly Agree,Neutral,Agree,Slightly Agree,Agree,Slightly Agree,Neutral,Agree,Disagree,Agree,Neutral,Neutral,Neutral,Agree,Slightly Agree,Slightly Agree,Slightly Agree,Slightly Agree,Agree,Neutral,Agree,Slightly Disagree,Disagree,Agree,Slightly Agree,Slightly Disagree,Slightly Agree,Agree,Slightly Agree,Agree,Disagree,Agree,Slightly Agree,Slightly Agree,Agree,Slightly Agree,Agree,Neutral,Neutral,Agree,Agree,Disagree,Agree,Agree,Slightly Agree,Neutral,Slightly Disagree,Agree,Slightly Agree,Slightly Agree,Disagree,Slightly Agree,Agree,Slightly Agree,Agree,Slightly Agree,Agree,Slightly Agree,Slightly Agree,Agree,Slightly Agree,5,Agree,4,Slightly Agree,4,Slightly Agree,4,Slightly Agree,3,Neutral,4,Slightly Agree,4,Slightly Agree,3,Neutral,1,Disagree,1,Disagree,5,Agree,3,Neutral,5,Agree,5,Agree,1,Disagree,4,Slightly Agree,3,Neutral,4,Slightly Agree,4,Slightly Agree,4,Slightly Agree,3,Neutral,4,Slightly Agree,5,Agree,1,Disagree,3,Neutral,5,Agree,3,Neutral,5,Agree,4,Slightly Agree,5,Agree,3,Neutral,4,Slightly Agree,4,Slightly Agree,4,Slightly Agree,5,Agree,5,Agree,5,Agree,4,Slightly Agree,5,Agree,4,Slightly Agree,5,Agree,4,Slightly Agree,4,Slightly Agree,4,Slightly Agree,5,Agree,2,Slightly Disagree,2,Slightly Disagree,2,Slightly Disagree,1,Disagree,1,Disagree,1,Disagree,2,Slightly Disagree,4,Slightly Agree,5,Agree,1,Disagree,5,Agree,2,Slightly Disagree,1,Disagree
104,CXIZZB004V010016,I do not like to show off,Neutral,Disagree,Neutral,Agree,Agree,Agree,Agree,Neutral,Agree,Agree,Agree,Slightly Disagree,Slightly Agree,Agree,Agree,Agree,Slightly Agree,Agree,Slightly Disagree,Agree,Agree,Neutral,Agree,Slightly Agree,Slightly Agree,Neutral,Slightly Agree,Agree,Agree,Agree,Agree,Agree,Agree,Agree,Agree,Agree,Agree,Slightly Agree,Slightly Agree,Agree,Slightly Agree,Agree,Agree,Agree,Agree,Slightly Agree,Agree,Agree,Slightly Disagree,Slightly Agree,Agree,Agree,Agree,Agree,Agree,Agree,Agree,Agree,Agree,Agree,Slightly Agree,Agree,Agree,Agree,Neutral,Agree,Agree,Agree,Slightly Disagree,Neutral,Agree,Slightly Disagree,Agree,Agree,Agree,Agree,Agree,Agree,Slightly Disagree,Agree,Agree,Agree,Agree,Neutral,Agree,Slightly Disagree,5,Agree,1,Disagree,5,Agree,5,Agree,3,Neutral,5,Agree,5,Agree,1,Disagree,2,Slightly Disagree,2,Slightly Disagree,3,Neutral,5,Agree,5,Agree,5,Agree,3,Neutral,5,Agree,3,Neutral,1,Disagree,2,Slightly Disagree,3,Neutral,5,Agree,2,Slightly Disagree,4,Slightly Agree,5,Agree,5,Agree,5,Agree,1,Disagree,4,Slightly Agree,5,Agree,5,Agree,2,Slightly Disagree,5,Agree,5,Agree,5,Agree,3,Neutral,3,Neutral,3,Neutral,1,Disagree,5,Agree,1,Disagree,5,Agree,5,Agree,1,Disagree,5,Agree,2,Slightly Disagree,1,Disagree,5,Agree,5,Agree,1,Disagree,5,Agree,5,Agree,2,Slightly Disagree,5,Agree,1,Disagree,5,Agree,5,Agree,4,Slightly Agree,5,Agree
105,CXIZZB004V010017,I sympathize with others’ feelings,Agree,Agree,Slightly Agree,Agree,Slightly Agree,Slightly Agree,Agree,Agree,Agree,Agree,Disagree,Agree,Neutral,Agree,Agree,Neutral,Slightly Agree,Agree,Slightly Agree,Agree,Agree,Agree,Agree,Slightly Agree,Agree,Agree,Agree,Slightly Disagree,Agree,Agree,Slightly Agree,Slightly Agree,Agree,Agree,Agree,Agree,Slightly Disagree,Agree,Slightly Agree,Agree,Agree,Slightly Agree,Slightly Agree,Agree,Neutral,Agree,Neutral,Agree,Agree,Slightly Agree,Agree,Agree,Agree,Slightly Disagree,Agree,Agree,Agree,Agree,Slightly Agree,Slightly Agree,Slightly Agree,Agree,Agree,Neutral,Neutral,Agree,Slightly Agree,Agree,Slightly Agree,Agree,Agree,Slightly Agree,Agree,Slightly Agree,Agree,Agree,Agree,Slightly Agree,Slightly Agree,Slightly Agree,Slightly Agree,Agree,Slightly Agree,Neutral,Agree,Slightly Agree,4,Slightly Agree,1,Disagree,5,Agree,5,Agree,4,Slightly Agree,4,Slightly Agree,4,Slightly Agree,4,Slightly Agree,3,Neutral,2,Slightly Disagree,1,Disagree,4,Slightly Agree,5,Agree,1,Disagree,3,Neutral,3,Neutral,4,Slightly Agree,4,Slightly Agree,5,Agree,2,Slightly Disagree,4,Slightly Agree,3,Neutral,5,Agree,4,Slightly Agree,4,Slightly Agree,5,Agree,4,Slightly Agree,5,Agree,4,Slightly Agree,5,Agree,1,Disagree,5,Agree,4,Slightly Agree,5,Agree,2,Slightly Disagree,2,Slightly Disagree,2,Slightly Disagree,4,Slightly Agree,5,Agree,4,Slightly Agree,1,Disagree,4,Slightly Agree,3,Neutral,3,Neutral,4,Slightly Agree,4,Slightly Agree,3,Neutral,2,Slightly Disagree,5,Agree,5,Agree,5,Agree,2,Slightly Disagree,5,Agree,5,Agree,4,Slightly Agree,2,Slightly Disagree,1,Disagree,5,Agree
106,CXIZZB004V010018,I make a mess of things,Disagree,Slightly Agree,Disagree,Disagree,Slightly Disagree,Disagree,Agree,Slightly Agree,Disagree,Disagree,Neutral,Slightly Disagree,Disagree,Disagree,Disagree,Disagree,Disagree,Disagree,Slightly Disagree,Disagree,Disagree,Disagree,Neutral,Slightly Disagree,Disagree,Disagree,Disagree,Disagree,Disagree,Disagree,Disagree,Disagree,Disagree,Disagree,Disagree,Disagree,Disagree,Disagree,Disagree,Disagree,Slightly Agree,Slightly Disagree,Slightly Agree,Neutral,Disagree,Slightly Disagree,Neutral,Disagree,Slightly Disagree,Neutral,Disagree,Disagree,Disagree,Disagree,Disagree,Disagree,Disagree,Disagree,Disagree,Disagree,Slightly Disagree,Disagree,Disagree,Neutral,Slightly Agree,Disagree,Slightly Agree,Disagree,Disagree,Disagree,Disagree,Neutral,Disagree,Slightly Agree,Slightly Agree,Neutral,Slightly Agree,Disagree,Slightly Disagree,Slightly Disagree,Disagree,Slightly Agree,Disagree,Slightly Disagree,Disagree,Disagree,1,Disagree,3,Neutral,1,Disagree,1,Disagree,1,Disagree,2,Slightly Disagree,1,Disagree,1,Disagree,1,Disagree,1,Disagree,2,Slightly Disagree,2,Slightly Disagree,1,Disagree,4,Slightly Agree,1,Disagree,1,Disagree,2,Slightly Disagree,1,Disagree,2,Slightly Disagree,1,Disagree,1,Disagree,1,Disagree,1,Disagree,1,Disagree,3,Neutral,1,Disagree,1,Disagree,1,Disagree,1,Disagree,1,Disagree,4,Slightly Agree,1,Disagree,1,Disagree,1,Disagree,1,Disagree,1,Disagree,1,Disagree,1,Disagree,1,Disagree,2,Slightly Disagree,3,Neutral,2,Slightly Disagree,4,Slightly Agree,3,Neutral,1,Disagree,2,Slightly Disagree,1,Disagree,4,Slightly Agree,1,Disagree,1,Disagree,1,Disagree,1,Disagree,1,Disagree,1,Disagree,4,Slightly Agree,3,Neutral,1,Disagree,1,Disagree
107,CXIZZB004V010019,I rarely feel sad or depressed,Agree,Slightly Disagree,Neutral,Disagree,Slightly Disagree,Disagree,Neutral,Neutral,Agree,Agree,Slightly Agree,Slightly Agree,Neutral,Disagree,Agree,Slightly Disagree,Slightly Agree,Agree,Neutral,Agree,Neutral,Neutral,Neutral,Slightly Agree,Neutral,Slightly Disagree,Slightly Disagree,Slightly Agree,Neutral,Slightly Agree,Slightly Agree,Slightly Agree,Disagree,Slightly Disagree,Disagree,Neutral,Slightly Disagree,Disagree,Agree,Slightly Agree,Slightly Agree,Slightly Agree,Slightly Agree,Slightly Disagree,Disagree,Slightly Disagree,Agree,Disagree,Slightly Agree,Neutral,Slightly Agree,Slightly Agree,Disagree,Neutral,Agree,Agree,Slightly Agree,Slightly Agree,Neutral,Neutral,Slightly Disagree,Slightly Agree,Neutral,Agree,Neutral,Agree,Agree,Disagree,Disagree,Agree,Agree,Disagree,Agree,Slightly Agree,Slightly Agree,Neutral,Agree,Neutral,Slightly Agree,Agree,Agree,Slightly Disagree,Slightly Agree,Slightly Agree,Agree,Slightly Agree,3,Neutral,4,Slightly Agree,2,Slightly Disagree,4,Slightly Agree,1,Disagree,4,Slightly Agree,5,Agree,1,Disagree,2,Slightly Disagree,2,Slightly Disagree,2,Slightly Disagree,3,Neutral,5,Agree,5,Agree,3,Neutral,3,Neutral,3,Neutral,2,Slightly Disagree,2,Slightly Disagree,1,Disagree,3,Neutral,3,Neutral,1,Disagree,3,Neutral,2,Slightly Disagree,5,Agree,1,Disagree,2,Slightly Disagree,1,Disagree,5,Agree,3,Neutral,2,Slightly Disagree,4,Slightly Agree,5,Agree,1,Disagree,1,Disagree,1,Disagree,1,Disagree,5,Agree,2,Slightly Disagree,3,Neutral,4,Slightly Agree,2,Slightly Disagree,3,Neutral,4,Slightly Agree,3,Neutral,2,Slightly Disagree,5,Agree,5,Agree,1,Disagree,5,Agree,2,Slightly Disagree,1,Disagree,5,Agree,4,Slightly Agree,2,Slightly Disagree,1,Disagree,1,Disagree
108,CXIZZB004V010020,I am not comfortable with not-easy-to-understand concepts,Agree,Neutral,Neutral,Slightly Disagree,Disagree,Disagree,Neutral,Neutral,Neutral,Neutral,Agree,Slightly Disagree,Disagree,Agree,Slightly Agree,Neutral,Disagree,Slightly Agree,Slightly Disagree,Neutral,Disagree,Disagree,Neutral,Slightly Disagree,Neutral,Neutral,Disagree,Slightly Agree,Neutral,Slightly Disagree,Disagree,Disagree,Slightly Disagree,Agree,Disagree,Neutral,Slightly Agree,Agree,Slightly Agree,Neutral,Slightly Disagree,Slightly Agree,Neutral,Slightly Disagree,Neutral,Slightly Disagree,Agree,Disagree,Disagree,Agree,Slightly Disagree,Slightly Agree,Disagree,Neutral,Disagree,Agree,Disagree,Neutral,Slightly Agree,Disagree,Slightly Disagree,Slightly Disagree,Neutral,Slightly Agree,Slightly Disagree,Slightly Agree,Disagree,Neutral,Agree,Disagree,Slightly Agree,Slightly Agree,Agree,Slightly Agree,Agree,Disagree,Slightly Agree,Disagree,Slightly Agree,Slightly Agree,Slightly Agree,Disagree,Slightly Agree,Neutral,Disagree,Slightly Disagree,5,Agree,2,Slightly Disagree,4,Slightly Agree,2,Slightly Disagree,4,Slightly Agree,3,Neutral,5,Agree,1,Disagree,4,Slightly Agree,5,Agree,5,Agree,5,Agree,4,Slightly Agree,1,Disagree,1,Disagree,3,Neutral,4,Slightly Agree,3,Neutral,2,Slightly Disagree,3,Neutral,3,Neutral,2,Slightly Disagree,3,Neutral,5,Agree,4,Slightly Agree,4,Slightly Agree,2,Slightly Disagree,3,Neutral,1,Disagree,3,Neutral,3,Neutral,2,Slightly Disagree,4,Slightly Agree,5,Agree,2,Slightly Disagree,2,Slightly Disagree,1,Disagree,5,Agree,5,Agree,3,Neutral,,,1,Disagree,2,Slightly Disagree,3,Neutral,4,Slightly Agree,4,Slightly Agree,1,Disagree,3,Neutral,1,Disagree,1,Disagree,1,Disagree,5,Agree,1,Disagree,1,Disagree,5,Agree,5,Agree,2,Slightly Disagree,1,Disagree
109,CXIZZB004V010021,I start conversations,Agree,Agree,Neutral,Neutral,Slightly Agree,Slightly Agree,Agree,Slightly Agree,Agree,Agree,Neutral,Agree,Agree,Slightly Agree,Agree,Neutral,Agree,Slightly Agree,Slightly Agree,Agree,Agree,Neutral,Neutral,Slightly Agree,Agree,Slightly Agree,Slightly Agree,Agree,Neutral,Agree,Slightly Agree,Agree,Agree,Agree,Agree,Neutral,Neutral,Slightly Agree,Slightly Agree,Slightly Agree,Agree,Agree,Neutral,Agree,Agree,Agree,Neutral,Slightly Agree,Agree,Slightly Agree,Slightly Disagree,Agree,Agree,Neutral,Slightly Agree,Neutral,Agree,Agree,Slightly Agree,Slightly Agree,Slightly Agree,Slightly Agree,Neutral,Agree,Neutral,Agree,Slightly Agree,Neutral,Agree,Agree,Agree,Slightly Disagree,Agree,Slightly Agree,Agree,Neutral,Slightly Agree,Agree,Slightly Agree,Slightly Agree,Agree,Slightly Agree,Neutral,Neutral,Agree,Agree,5,Agree,1,Disagree,1,Disagree,5,Agree,2,Slightly Disagree,4,Slightly Agree,3,Neutral,2,Slightly Disagree,4,Slightly Agree,1,Disagree,4,Slightly Agree,1,Disagree,4,Slightly Agree,1,Disagree,1,Disagree,4,Slightly Agree,4,Slightly Agree,1,Disagree,4,Slightly Agree,1,Disagree,2,Slightly Disagree,2,Slightly Disagree,4,Slightly Agree,5,Agree,4,Slightly Agree,4,Slightly Agree,5,Agree,5,Agree,4,Slightly Agree,5,Agree,2,Slightly Disagree,1,Disagree,3,Neutral,1,Disagree,5,Agree,5,Agree,5,Agree,1,Disagree,1,Disagree,1,Disagree,4,Slightly Agree,5,Agree,3,Neutral,3,Neutral,3,Neutral,4,Slightly Agree,3,Neutral,1,Disagree,5,Agree,5,Agree,1,Disagree,1,Disagree,1,Disagree,1,Disagree,1,Disagree,3,Neutral,5,Agree,1,Disagree
110,CXIZZB004V010022,I am not interested in other peoples’ problems,Disagree,Disagree,Slightly Disagree,Disagree,Disagree,Slightly Agree,Agree,Slightly Disagree,Slightly Agree,Disagree,Slightly Agree,Disagree,Neutral,Slightly Disagree,Slightly Disagree,Slightly Disagree,Slightly Disagree,Disagree,Slightly Disagree,Disagree,Disagree,Disagree,Slightly Disagree,Slightly Agree,Disagree,Slightly Disagree,Slightly Disagree,Disagree,Neutral,Slightly Disagree,Disagree,Agree,Slightly Disagree,Disagree,Disagree,Slightly Disagree,Slightly Disagree,Neutral,Disagree,Disagree,Disagree,Slightly Disagree,Slightly Disagree,Slightly Disagree,Disagree,Disagree,Neutral,Slightly Agree,Disagree,Disagree,Slightly Agree,Slightly Disagree,Disagree,Slightly Disagree,Slightly Disagree,Disagree,Disagree,Disagree,Disagree,Slightly Disagree,Slightly Disagree,Slightly Disagree,Neutral,Disagree,Disagree,Disagree,Slightly Agree,Neutral,Agree,Disagree,Neutral,Agree,Slightly Agree,Slightly Agree,Disagree,Disagree,Slightly Agree,Disagree,Slightly Agree,Slightly Agree,Disagree,Disagree,Slightly Disagree,Slightly Disagree,Slightly Disagree,Slightly Disagree,4,Slightly Agree,2,Slightly Disagree,4,Slightly Agree,2,Slightly Disagree,1,Disagree,2,Slightly Disagree,1,Disagree,1,Disagree,4,Slightly Agree,4,Slightly Agree,1,Disagree,2,Slightly Disagree,1,Disagree,2,Slightly Disagree,3,Neutral,3,Neutral,4,Slightly Agree,2,Slightly Disagree,5,Agree,4,Slightly Agree,2,Slightly Disagree,3,Neutral,1,Disagree,4,Slightly Agree,2,Slightly Disagree,1,Disagree,1,Disagree,1,Disagree,1,Disagree,5,Agree,4,Slightly Agree,2,Slightly Disagree,2,Slightly Disagree,1,Disagree,4,Slightly Agree,4,Slightly Agree,4,Slightly Agree,1,Disagree,1,Disagree,1,Disagree,1,Disagree,2,Slightly Disagree,5,Agree,1,Disagree,4,Slightly Agree,1,Disagree,3,Neutral,4,Slightly Agree,1,Disagree,5,Agree,5,Agree,2,Slightly Disagree,1,Disagree,1,Disagree,1,Disagree,4,Slightly Agree,5,Agree,5,Agree
111,CXIZZB004V010023,I get chores done right away,Agree,Slightly Agree,Neutral,Agree,Agree,Neutral,Neutral,Neutral,Agree,Agree,Slightly Agree,Slightly Agree,Agree,Neutral,Agree,Slightly Agree,Agree,Slightly Agree,Neutral,Agree,Agree,Agree,Slightly Agree,Slightly Agree,Neutral,Slightly Agree,Slightly Agree,Agree,Agree,Agree,Agree,Neutral,Agree,Neutral,Disagree,Agree,Slightly Agree,Agree,Agree,Agree,Agree,Agree,Neutral,Agree,Agree,Neutral,Slightly Agree,Agree,Neutral,Slightly Agree,Slightly Agree,Slightly Agree,Agree,Neutral,Agree,Slightly Agree,Slightly Agree,Slightly Agree,Slightly Agree,Agree,Neutral,Agree,Neutral,Disagree,Slightly Agree,Agree,Agree,Slightly Agree,Disagree,Neutral,Agree,Slightly Agree,Agree,Agree,Slightly Agree,Neutral,Slightly Agree,Neutral,Agree,Agree,Slightly Agree,Agree,Neutral,Slightly Agree,Agree,Slightly Agree,5,Agree,4,Slightly Agree,5,Agree,5,Agree,1,Disagree,5,Agree,5,Agree,2,Slightly Disagree,5,Agree,5,Agree,5,Agree,5,Agree,5,Agree,4,Slightly Agree,3,Neutral,1,Disagree,5,Agree,4,Slightly Agree,5,Agree,5,Agree,5,Agree,4,Slightly Agree,5,Agree,5,Agree,2,Slightly Disagree,5,Agree,5,Agree,4,Slightly Agree,5,Agree,4,Slightly Agree,2,Slightly Disagree,5,Agree,1,Disagree,5,Agree,5,Agree,5,Agree,5,Agree,5,Agree,5,Agree,5,Agree,5,Agree,4,Slightly Agree,5,Agree,5,Agree,5,Agree,5,Agree,5,Agree,5,Agree,5,Agree,1,Disagree,5,Agree,5,Agree,5,Agree,5,Agree,5,Agree,5,Agree,5,Agree,5,Agree
112,CXIZZB004V010024,I am easily disturbed,Disagree,Neutral,Neutral,Disagree,Disagree,Disagree,Neutral,Slightly Disagree,Slightly Disagree,Agree,Disagree,Slightly Disagree,Disagree,Slightly Disagree,Disagree,Slightly Disagree,Disagree,Slightly Agree,Neutral,Disagree,Disagree,Disagree,Neutral,Slightly Disagree,Neutral,Slightly Disagree,Slightly Disagree,Disagree,Neutral,Disagree,Disagree,Disagree,Disagree,Disagree,Disagree,Disagree,Disagree,Slightly Disagree,Disagree,Disagree,Slightly Disagree,Slightly Disagree,Slightly Agree,Slightly Disagree,Disagree,Disagree,Slightly Disagree,Disagree,Slightly Disagree,Neutral,Slightly Agree,Disagree,Disagree,Slightly Agree,Slightly Agree,Disagree,Slightly Agree,Disagree,Disagree,Slightly Disagree,Slightly Disagree,Disagree,Disagree,Disagree,Slightly Disagree,Disagree,Disagree,Disagree,Slightly Disagree,Agree,Slightly Disagree,Slightly Agree,Disagree,Slightly Agree,Disagree,Slightly Agree,Disagree,Disagree,Slightly Agree,Disagree,Slightly Agree,Disagree,Disagree,Disagree,Disagree,Slightly Agree,1,Disagree,1,Disagree,1,Disagree,2,Slightly Disagree,1,Disagree,2,Slightly Disagree,1,Disagree,1,Disagree,2,Slightly Disagree,1,Disagree,1,Disagree,1,Disagree,1,Disagree,1,Disagree,1,Disagree,1,Disagree,1,Disagree,1,Disagree,1,Disagree,1,Disagree,1,Disagree,2,Slightly Disagree,1,Disagree,1,Disagree,4,Slightly Agree,1,Disagree,1,Disagree,1,Disagree,2,Slightly Disagree,2,Slightly Disagree,4,Slightly Agree,1,Disagree,1,Disagree,1,Disagree,1,Disagree,1,Disagree,1,Disagree,1,Disagree,4,Slightly Agree,1,Disagree,1,Disagree,2,Slightly Disagree,1,Disagree,3,Neutral,1,Disagree,3,Neutral,1,Disagree,1,Disagree,1,Disagree,5,Agree,1,Disagree,3,Neutral,2,Slightly Disagree,1,Disagree,4,Slightly Agree,2,Slightly Disagree,1,Disagree,1,Disagree
113,CXIZZB004V010025,I have excellent ideas,Agree,Agree,Slightly Agree,Slightly Agree,Agree,Agree,Slightly Agree,Neutral,Agree,Agree,Slightly Agree,Slightly Agree,Agree,Agree,Slightly Agree,Agree,Slightly Agree,Slightly Agree,Slightly Agree,Slightly Agree,Slightly Agree,Slightly Agree,Neutral,Slightly Agree,Agree,Agree,Agree,Slightly Disagree,Agree,Agree,Agree,Agree,Agree,Agree,Neutral,Slightly Agree,Slightly Agree,Slightly Agree,Slightly Agree,Slightly Agree,Agree,Slightly Agree,Agree,Slightly Disagree,Neutral,Agree,Slightly Agree,Agree,Agree,Slightly Agree,Slightly Agree,Slightly Agree,Agree,Slightly Agree,Slightly Agree,Neutral,Slightly Agree,Slightly Agree,Slightly Agree,Slightly Agree,Slightly Agree,Slightly Agree,Neutral,Slightly Agree,Agree,Agree,Slightly Agree,Neutral,Agree,Slightly Agree,Neutral,Slightly Disagree,Slightly Agree,Slightly Disagree,Agree,Neutral,Slightly Agree,Neutral,Slightly Agree,Slightly Agree,Slightly Disagree,Slightly Agree,Slightly Agree,Slightly Agree,Neutral,Agree,4,Slightly Agree,3,Neutral,4,Slightly Agree,4,Slightly Agree,2,Slightly Disagree,4,Slightly Agree,5,Agree,5,Agree,4,Slightly Agree,4,Slightly Agree,4,Slightly Agree,4,Slightly Agree,5,Agree,5,Agree,1,Disagree,3,Neutral,4,Slightly Agree,3,Neutral,5,Agree,2,Slightly Disagree,3,Neutral,4,,5,Agree,4,Slightly Agree,3,Neutral,5,Agree,2,Slightly Disagree,5,Agree,4,Slightly Agree,5,Agree,2,Slightly Disagree,4,Slightly Agree,4,Slightly Agree,4,Slightly Agree,2,Slightly Disagree,2,Slightly Disagree,2,Slightly Disagree,5,Agree,4,Slightly Agree,5,Agree,1,Disagree,4,Slightly Agree,5,Agree,3,Neutral,5,Agree,3,Neutral,4,Slightly Agree,1,Disagree,5,Agree,5,Agree,5,Agree,4,Slightly Agree,4,Slightly Agree,5,Agree,3,Neutral,2,Slightly Disagree,1,Disagree,5,Agree
114,CXIZZB004V010026,I do not talk much,Neutral,Neutral,Neutral,Agree,Neutral,Slightly Agree,Disagree,Neutral,Disagree,Agree,Neutral,Disagree,Agree,Slightly Agree,Disagree,Neutral,Slightly Agree,Disagree,Slightly Agree,Neutral,Disagree,Slightly Disagree,Neutral,Slightly Agree,Neutral,Disagree,Neutral,Agree,Disagree,Disagree,Disagree,Disagree,Slightly Disagree,Agree,Disagree,Neutral,Agree,Disagree,Slightly Agree,Disagree,Slightly Agree,Slightly Disagree,Agree,Slightly Disagree,Agree,Slightly Disagree,Slightly Disagree,Agree,Disagree,Neutral,Agree,Disagree,Agree,Neutral,Slightly Agree,Neutral,Agree,Disagree,Slightly Agree,Disagree,Slightly Disagree,Slightly Agree,Agree,Neutral,Slightly Disagree,Disagree,Agree,Slightly Disagree,Agree,Agree,Neutral,Slightly Disagree,Disagree,Slightly Agree,Agree,Neutral,Disagree,Slightly Disagree,Slightly Agree,Disagree,Slightly Agree,Slightly Disagree,Neutral,Slightly Agree,Slightly Disagree,Slightly Agree,5,Agree,3,Neutral,2,Slightly Disagree,2,Slightly Disagree,1,Disagree,2,Slightly Disagree,1,Disagree,4,Slightly Agree,3,Neutral,4,Slightly Agree,4,Slightly Agree,2,Slightly Disagree,5,Agree,2,Slightly Disagree,3,Neutral,4,Slightly Agree,3,Neutral,1,Disagree,4,Slightly Agree,5,Agree,4,Slightly Agree,2,Slightly Disagree,4,Slightly Agree,1,Agree,4,Slightly Agree,5,Agree,1,Disagree,1,Disagree,4,Slightly Agree,1,Disagree,3,Neutral,2,Slightly Disagree,1,Disagree,5,Agree,1,Disagree,1,Disagree,1,Neutral,1,Disagree,5,Agree,4,Slightly Agree,3,Neutral,2,Slightly Disagree,5,Agree,2,Slightly Disagree,1,Disagree,5,Agree,4,Slightly Agree,4,Slightly Agree,5,Agree,1,Disagree,5,Agree,5,Agree,1,Disagree,1,Disagree,5,Agree,5,Agree,1,Disagree,1,Disagree
115,CXIZZB004V010027,I am emotional,Neutral,Neutral,Neutral,Agree,Slightly Agree,Neutral,Agree,Slightly Agree,Slightly Agree,Agree,Slightly Agree,Agree,Neutral,Agree,Agree,Neutral,Slightly Agree,Slightly Agree,Slightly Agree,Neutral,Slightly Agree,Disagree,Slightly Agree,Agree,Neutral,Agree,Agree,Slightly Disagree,Disagree,Neutral,Agree,Slightly Agree,Neutral,Agree,Neutral,Neutral,Slightly Disagree,Agree,Disagree,Agree,Agree,Slightly Agree,Slightly Agree,Agree,Neutral,Slightly Agree,Neutral,Neutral,Neutral,Slightly Agree,Slightly Agree,Agree,Disagree,Neutral,Agree,Neutral,Agree,Agree,Neutral,Slightly Agree,Slightly Agree,Neutral,Agree,Slightly Disagree,Slightly Agree,Disagree,Disagree,Neutral,Slightly Agree,Agree,Neutral,Agree,Agree,Slightly Agree,Slightly Agree,Agree,Disagree,Neutral,Slightly Agree,Slightly Agree,Agree,Slightly Disagree,Slightly Agree,Slightly Agree,Agree,Agree,5,Agree,2,Slightly Disagree,4,Slightly Agree,4,Slightly Agree,3,Neutral,4,Slightly Agree,1,Disagree,4,Slightly Agree,4,Slightly Agree,1,Disagree,1,Disagree,1,Disagree,4,Slightly Agree,5,Agree,3,Neutral,4,Slightly Agree,3,Neutral,4,Slightly Agree,4,Slightly Agree,5,Agree,3,Neutral,3,Neutral,1,Disagree,5,Agree,5,Agree,4,Slightly Agree,3,Neutral,3,Neutral,1,Disagree,5,Agree,2,Slightly Disagree,4,Slightly Agree,4,Slightly Agree,1,Disagree,5,Agree,5,Agree,5,Agree,5,Agree,5,Agree,1,Disagree,3,Neutral,4,Slightly Agree,5,Agree,3,Neutral,4,Slightly Agree,4,Slightly Agree,4,Slightly Agree,1,Disagree,1,Disagree,1,Disagree,1,Disagree,1,Disagree,1,Disagree,5,Agree,3,Neutral,2,Slightly Disagree,5,Agree,1,Disagree
116,CXIZZB004V010028,I often forget to put things back in their proper place,Agree,Slightly Agree,Slightly Disagree,Disagree,Disagree,Slightly Disagree,Disagree,Slightly Agree,Slightly Agree,Slightly Agree,Slightly Agree,Slightly Agree,Disagree,Slightly Agree,Agree,Slightly Agree,Slightly Disagree,Slightly Disagree,Slightly Agree,Disagree,Disagree,Disagree,Slightly Disagree,Slightly Disagree,Disagree,Neutral,Disagree,Disagree,Disagree,Disagree,Disagree,Slightly Disagree,Disagree,Disagree,Disagree,Disagree,Slightly Disagree,Disagree,Disagree,Disagree,Slightly Agree,Slightly Disagree,Disagree,Agree,Disagree,Slightly Agree,Slightly Agree,Disagree,Slightly Disagree,Disagree,Disagree,Slightly Agree,Slightly Agree,Slightly Disagree,Disagree,Disagree,Slightly Agree,Slightly Disagree,Disagree,Neutral,Neutral,Disagree,Disagree,Neutral,Neutral,Slightly Agree,Disagree,Neutral,Disagree,Agree,Disagree,Slightly Disagree,Disagree,Slightly Agree,Disagree,Neutral,Agree,Disagree,Slightly Disagree,Slightly Disagree,Disagree,Disagree,Slightly Disagree,Slightly Agree,Disagree,Disagree,1,Disagree,2,Slightly Disagree,1,Disagree,1,Disagree,1,Disagree,3,Neutral,1,Disagree,1,Disagree,1,Disagree,2,Slightly Disagree,1,Disagree,2,Slightly Disagree,1,Disagree,5,Agree,1,Disagree,3,Neutral,1,Disagree,1,Disagree,1,Disagree,4,Slightly Agree,4,Slightly Agree,4,Slightly Agree,1,Disagree,5,Agree,4,Slightly Agree,1,Disagree,1,Disagree,1,Disagree,1,Disagree,1,Disagree,3,Neutral,2,Slightly Disagree,1,Disagree,1,Disagree,5,Agree,5,Agree,5,Agree,1,Disagree,4,Slightly Agree,1,Disagree,4,Slightly Agree,5,Agree,5,Agree,2,,4,Slightly Agree,2,Slightly Disagree,4,Slightly Agree,1,Disagree,5,Agree,4,Slightly Agree,5,Agree,5,Agree,1,Disagree,1,Disagree,5,Agree,2,Slightly Disagree,1,Disagree,1,Disagree
117,CXIZZB004V010029,I get upset easily,Disagree,Disagree,Slightly Disagree,Disagree,Slightly Disagree,Disagree,Disagree,Slightly Disagree,Slightly Disagree,Disagree,Disagree,Slightly Agree,Disagree,Slightly Agree,Disagree,Disagree,Disagree,Slightly Agree,Slightly Disagree,Disagree,Disagree,Slightly Disagree,Slightly Agree,Slightly Disagree,Disagree,Disagree,Neutral,Disagree,Neutral,Disagree,Disagree,Disagree,Disagree,Disagree,Disagree,Disagree,Slightly Disagree,Slightly Disagree,Disagree,Slightly Disagree,Disagree,Slightly Disagree,Slightly Disagree,Slightly Disagree,Neutral,Disagree,Slightly Disagree,Disagree,Disagree,Disagree,Slightly Disagree,Slightly Agree,Disagree,Slightly Disagree,Disagree,Disagree,Agree,Slightly Disagree,Disagree,Disagree,Slightly Disagree,Slightly Disagree,Disagree,Disagree,Disagree,Disagree,Disagree,Slightly Agree,Disagree,Neutral,Neutral,Agree,Agree,Slightly Agree,Disagree,Disagree,Slightly Disagree,Disagree,Slightly Agree,Slightly Agree,Slightly Agree,Slightly Disagree,Disagree,Slightly Agree,Disagree,Slightly Agree,5,Agree,1,Disagree,4,Slightly Agree,4,Slightly Agree,4,Slightly Agree,3,Neutral,1,Disagree,3,Neutral,4,Slightly Agree,1,Disagree,2,Slightly Disagree,1,Disagree,4,Slightly Agree,1,Disagree,1,Disagree,4,Slightly Agree,3,Neutral,1,Disagree,2,Slightly Disagree,1,Disagree,2,Slightly Disagree,2,Slightly Disagree,1,Disagree,5,Agree,4,Slightly Agree,4,Slightly Agree,1,Disagree,1,Disagree,1,Disagree,5,Agree,3,Neutral,4,Slightly Agree,1,Disagree,5,Agree,1,Disagree,1,Disagree,1,Disagree,5,Agree,5,Agree,1,Disagree,3,Neutral,4,Slightly Agree,5,Agree,3,Neutral,4,Slightly Agree,4,Slightly Agree,1,Disagree,5,Agree,5,Agree,5,Agree,1,Disagree,1,Agree,1,Disagree,1,Disagree,5,Agree,2,Slightly Disagree,1,Disagree,1,Disagree
118,CXIZZB004V010030,I do not have a good imagination,Disagree,Slightly Disagree,Disagree,Disagree,Disagree,Disagree,Agree,Slightly Disagree,Disagree,Disagree,Neutral,Slightly Agree,Disagree,Disagree,Disagree,Disagree,Disagree,Slightly Disagree,Slightly Disagree,Disagree,Disagree,Disagree,Disagree,Disagree,Disagree,Disagree,Slightly Disagree,Disagree,Disagree,Disagree,Disagree,Disagree,Disagree,Neutral,Disagree,Slightly Disagree,Disagree,Slightly Disagree,Slightly Agree,Disagree,Slightly Disagree,Disagree,Disagree,Slightly Disagree,Disagree,Disagree,Disagree,Disagree,Disagree,Disagree,Disagree,Slightly Disagree,Disagree,Disagree,Disagree,Disagree,Slightly Disagree,Slightly Disagree,Disagree,Disagree,Slightly Disagree,Disagree,Slightly Disagree,Disagree,Disagree,Disagree,Disagree,Neutral,Disagree,Agree,Disagree,Slightly Disagree,Disagree,Slightly Disagree,Slightly Disagree,Disagree,Slightly Agree,Disagree,Slightly Disagree,Slightly Disagree,Disagree,Disagree,Disagree,Slightly Disagree,Slightly Disagree,Disagree,5,Agree,2,Slightly Disagree,4,Slightly Agree,2,Slightly Disagree,3,Neutral,2,Slightly Disagree,1,Disagree,1,Disagree,3,Neutral,4,Slightly Agree,2,Slightly Disagree,4,Slightly Agree,2,Slightly Disagree,1,Disagree,1,Disagree,2,Slightly Disagree,3,Neutral,2,Slightly Disagree,2,Slightly Disagree,3,Neutral,2,Slightly Disagree,2,Slightly Disagree,1,Disagree,5,Agree,2,Slightly Disagree,2,Slightly Disagree,1,Disagree,1,Disagree,1,Disagree,1,Disagree,3,Neutral,1,Disagree,4,Slightly Agree,5,Agree,3,Neutral,3,Neutral,3,Neutral,4,Slightly Agree,1,Disagree,3,Neutral,5,Agree,2,Slightly Disagree,4,Slightly Agree,4,Slightly Agree,1,Disagree,2,Slightly Disagree,4,Slightly Agree,5,Agree,5,Agree,1,Disagree,5,Agree,3,Neutral,5,Agree,1,Disagree,5,Agree,2,Slightly Disagree,4,Slightly Agree,1,Disagree
119,CXIZZB004V010031,I talk to lot of different people at parties,Neutral,Slightly Agree,Neutral,Disagree,Agree,Slightly Agree,Slightly Agree,Slightly Agree,Agree,Slightly Disagree,Agree,Neutral,Agree,Slightly Agree,Agree,Neutral,Slightly Disagree,Agree,Slightly Disagree,Neutral,Slightly Agree,Agree,Neutral,Slightly Agree,Neutral,Slightly Agree,Disagree,Slightly Agree,Agree,Agree,Agree,Agree,Agree,Slightly Agree,Agree,Neutral,Agree,Agree,Slightly Agree,Neutral,Slightly Agree,Agree,Disagree,Slightly Agree,Agree,Agree,Slightly Agree,Neutral,Slightly Agree,Neutral,Disagree,Slightly Agree,Agree,Slightly Agree,Disagree,Agree,Disagree,Agree,Neutral,Agree,Slightly Agree,Neutral,Neutral,Neutral,Slightly Agree,Agree,Slightly Agree,Slightly Agree,Slightly Disagree,Disagree,Slightly Agree,Slightly Disagree,Agree,Slightly Disagree,Slightly Agree,Neutral,Agree,Agree,Agree,Slightly Disagree,Agree,Slightly Agree,Neutral,Neutral,Agree,Slightly Agree,5,Agree,3,Neutral,4,Slightly Agree,4,Slightly Agree,5,Agree,4,Slightly Agree,1,Disagree,2,Slightly Disagree,4,Slightly Agree,1,Disagree,4,Slightly Agree,4,Slightly Agree,4,Slightly Agree,5,Agree,1,Disagree,3,Neutral,4,,2,Slightly Disagree,5,Agree,4,Slightly Agree,5,Agree,4,Slightly Agree,5,Agree,5,Agree,2,Slightly Disagree,4,Slightly Agree,4,Slightly Agree,4,Slightly Agree,4,Slightly Agree,5,Agree,3,Neutral,5,Agree,4,Slightly Agree,5,Agree,4,Slightly Agree,4,Slightly Agree,4,Slightly Agree,1,Disagree,1,Disagree,1,Disagree,1,Disagree,4,Slightly Agree,5,Agree,3,Neutral,4,Slightly Agree,1,Disagree,4,Slightly Agree,5,Agree,5,Agree,1,Disagree,5,Agree,3,Neutral,5,Agree,5,Agree,5,Agree,1,Disagree,3,Neutral,5,Agree
120,CXIZZB004V010032,I am not really interested in others,Neutral,Disagree,Neutral,Slightly Disagree,Slightly Disagree,Slightly Agree,Neutral,Slightly Disagree,Slightly Disagree,Neutral,Slightly Agree,Disagree,Slightly Disagree,Slightly Disagree,Neutral,Slightly Disagree,Slightly Agree,Slightly Disagree,Slightly Disagree,Neutral,Disagree,Neutral,Disagree,Slightly Disagree,Disagree,Slightly Disagree,Slightly Agree,Agree,Disagree,Slightly Disagree,Disagree,Neutral,Disagree,Slightly Disagree,Disagree,Disagree,Slightly Agree,Slightly Disagree,Disagree,Disagree,Neutral,Slightly Disagree,Slightly Agree,Slightly Disagree,Disagree,Disagree,Slightly Disagree,Neutral,Disagree,Neutral,Agree,Disagree,Disagree,Slightly Disagree,Disagree,Disagree,Slightly Agree,Slightly Agree,Disagree,Neutral,Slightly Agree,Slightly Agree,Disagree,Neutral,Slightly Disagree,Disagree,Slightly Agree,Neutral,Slightly Disagree,Agree,Agree,Neutral,Neutral,Slightly Agree,Neutral,Neutral,Slightly Agree,Disagree,Slightly Agree,Slightly Agree,Disagree,Disagree,Slightly Agree,Neutral,Slightly Disagree,Slightly Agree,1,Disagree,2,Slightly Disagree,1,Disagree,2,Slightly Disagree,2,Slightly Disagree,2,Slightly Disagree,1,Disagree,4,Slightly Agree,3,Neutral,1,Disagree,1,Disagree,3,Neutral,1,Disagree,4,Slightly Agree,1,Disagree,2,Slightly Disagree,2,Slightly Disagree,3,Neutral,2,Slightly Disagree,4,Slightly Agree,5,Agree,3,Neutral,4,Slightly Agree,1,Disagree,3,Neutral,1,Disagree,2,Slightly Disagree,1,Disagree,4,Slightly Agree,5,Agree,2,Slightly Disagree,1,Disagree,2,Slightly Disagree,5,Agree,3,Neutral,3,Neutral,3,Neutral,1,Disagree,5,Agree,1,Disagree,2,Slightly Disagree,4,Slightly Agree,4,Slightly Agree,1,Disagree,4,Slightly Agree,4,Slightly Agree,1,Disagree,4,Slightly Agree,1,Disagree,5,Agree,1,Disagree,5,Agree,3,Neutral,1,Disagree,1,Disagree,1,Disagree,2,Slightly Disagree,5,Agree
121,CXIZZB004V010033,I like things to be in order always,Agree,Agree,Agree,Agree,Agree,Slightly Agree,Agree,Slightly Disagree,Agree,Agree,Slightly Agree,Slightly Disagree,Agree,Agree,Agree,Agree,Agree,Agree,Slightly Agree,Agree,Slightly Agree,Agree,Neutral,Agree,Agree,Slightly Agree,Agree,Agree,Agree,Agree,Agree,Agree,Agree,Slightly Agree,Agree,Agree,Slightly Agree,Slightly Agree,Agree,Agree,Slightly Agree,Agree,Agree,Agree,Agree,Slightly Disagree,Slightly Agree,Agree,Neutral,Agree,Agree,Agree,Agree,Agree,Agree,Agree,Agree,Agree,Agree,Agree,Slightly Agree,Agree,Agree,Agree,Agree,Agree,Agree,Agree,Agree,Disagree,Agree,Slightly Disagree,Agree,Agree,Agree,Agree,Slightly Agree,Agree,Agree,Agree,Agree,Agree,Slightly Disagree,Agree,Agree,Agree,2,,5,Agree,5,Agree,5,Agree,5,Agree,3,Neutral,5,Agree,1,Disagree,5,Agree,5,Agree,5,Agree,5,Agree,5,Agree,2,Slightly Disagree,5,Agree,1,Disagree,5,Agree,5,Agree,2,Slightly Disagree,5,Agree,5,Agree,4,Slightly Agree,5,Agree,2,Slightly Disagree,5,Agree,5,Agree,2,Slightly Disagree,5,Agree,5,Agree,1,Disagree,2,Slightly Disagree,4,Slightly Agree,5,Agree,5,Agree,5,Agree,5,Agree,5,Agree,5,Agree,5,Agree,5,Agree,4,Slightly Agree,2,Slightly Disagree,5,Agree,5,Agree,5,Agree,5,Agree,5,Agree,5,Agree,5,Agree,5,Agree,5,Agree,5,Agree,5,Agree,5,Agree,1,Disagree,1,Disagree,5,Agree,5,Agree
122,CXIZZB004V010034,I change my mood a lot,Disagree,Neutral,Neutral,Disagree,Slightly Agree,Neutral,Neutral,Neutral,Slightly Agree,Disagree,Neutral,Slightly Agree,Neutral,Disagree,Disagree,Neutral,Disagree,Agree,Slightly Agree,Neutral,Slightly Disagree,Disagree,Neutral,Slightly Disagree,Disagree,Neutral,Neutral,Disagree,Slightly Agree,Disagree,Slightly Agree,Disagree,Slightly Disagree,Slightly Agree,Disagree,Disagree,Slightly Agree,Neutral,Slightly Agree,Disagree,Disagree,Disagree,Slightly Agree,Slightly Disagree,Slightly Agree,Disagree,Slightly Disagree,Disagree,Disagree,Slightly Agree,Slightly Agree,Disagree,Disagree,Slightly Agree,Slightly Disagree,Disagree,Disagree,Slightly Agree,Slightly Disagree,Slightly Disagree,Slightly Agree,Agree,Disagree,Neutral,Disagree,Disagree,Slightly Agree,Slightly Agree,Slightly Agree,Agree,Disagree,Slightly Agree,Disagree,Slightly Agree,Disagree,Neutral,Agree,Slightly Disagree,Agree,Slightly Agree,Slightly Agree,Agree,Slightly Agree,Neutral,Agree,Agree,5,Agree,3,Neutral,1,Disagree,4,Slightly Agree,1,Disagree,3,Neutral,4,Slightly Agree,2,Slightly Disagree,1,Disagree,2,Slightly Disagree,1,Disagree,1,Disagree,4,Slightly Agree,1,Disagree,1,Disagree,1,Disagree,1,Disagree,1,Disagree,2,Slightly Disagree,1,Disagree,4,Slightly Agree,2,Slightly Disagree,5,Agree,5,Agree,3,Neutral,4,Slightly Agree,1,Disagree,1,Disagree,2,Slightly Disagree,5,Agree,4,Slightly Agree,1,Disagree,1,Disagree,1,Disagree,1,Disagree,1,Disagree,1,Disagree,1,Disagree,4,Slightly Agree,1,Disagree,1,Disagree,4,Slightly Agree,1,Disagree,3,Neutral,1,Disagree,2,Slightly Disagree,3,Neutral,5,Agree,1,Disagree,1,Disagree,1,Disagree,5,Agree,1,Disagree,1,Disagree,5,Agree,3,Neutral,5,Agree,1,Disagree
123,CXIZZB004V010035,I am quick to understand things,Agree,Agree,Slightly Agree,Agree,Agree,Agree,Slightly Agree,Neutral,Agree,Agree,Agree,Agree,Agree,Agree,Slightly Agree,Slightly Agree,Slightly Agree,Slightly Agree,Slightly Agree,Agree,Agree,Agree,Slightly Agree,Agree,Slightly Agree,Slightly Agree,Agree,Agree,Agree,Agree,Agree,Agree,Agree,Agree,Agree,Slightly Agree,Agree,Slightly Agree,Agree,Agree,Agree,Agree,Agree,Neutral,Agree,Slightly Agree,Slightly Agree,Agree,Agree,Agree,Slightly Agree,Slightly Agree,Agree,Agree,Slightly Agree,Agree,Slightly Agree,Slightly Agree,Slightly Agree,Agree,Slightly Agree,Slightly Agree,Agree,Agree,Agree,Agree,Agree,Slightly Agree,Slightly Agree,Agree,Slightly Agree,Slightly Agree,Agree,Slightly Agree,Agree,Agree,Slightly Agree,Slightly Agree,Slightly Agree,Agree,Agree,Agree,Neutral,Slightly Agree,Agree,Agree,4,Slightly Agree,3,Neutral,4,Slightly Agree,5,Agree,3,Neutral,4,Slightly Agree,4,Slightly Agree,5,Agree,4,Slightly Agree,2,Slightly Disagree,3,Neutral,2,Slightly Disagree,5,Agree,4,Slightly Agree,1,Disagree,5,Agree,3,Neutral,5,Agree,5,Agree,3,Neutral,4,Slightly Agree,4,Slightly Agree,5,Agree,4,Slightly Agree,2,Slightly Disagree,5,Agree,2,Slightly Disagree,5,Agree,4,Slightly Agree,4,Slightly Agree,2,Slightly Disagree,5,Agree,4,Slightly Agree,4,Slightly Agree,2,Slightly Disagree,2,Slightly Disagree,5,Agree,1,Disagree,5,Agree,1,Disagree,1,Disagree,4,Slightly Agree,5,Agree,2,Slightly Disagree,4,Slightly Agree,2,Slightly Disagree,4,Slightly Agree,5,Agree,5,Agree,4,Slightly Agree,5,Agree,4,Slightly Agree,4,Slightly Agree,5,Agree,3,Neutral,2,Slightly Disagree,5,Agree,3,Neutral
124,CXIZZB004V010036,I don’t like to draw attention to myself,Slightly Agree,Agree,Neutral,Disagree,Slightly Agree,Neutral,Agree,Neutral,Neutral,Slightly Agree,Neutral,Slightly Disagree,Disagree,Slightly Disagree,Disagree,Neutral,Slightly Agree,Slightly Agree,Slightly Agree,Neutral,Disagree,Slightly Agree,Neutral,Slightly Disagree,Neutral,Neutral,Neutral,Agree,Disagree,Slightly Agree,Disagree,Neutral,Neutral,Slightly Agree,Disagree,Slightly Disagree,Slightly Disagree,Disagree,Slightly Disagree,Slightly Agree,Slightly Agree,Slightly Disagree,Slightly Agree,Slightly Agree,Neutral,Slightly Agree,Slightly Disagree,Agree,Slightly Agree,Neutral,Disagree,Slightly Agree,Slightly Disagree,Neutral,Slightly Disagree,Agree,Agree,Agree,Neutral,Disagree,Neutral,Slightly Agree,Agree,Neutral,Neutral,Disagree,Disagree,Neutral,Slightly Disagree,Agree,Agree,Disagree,Disagree,Slightly Agree,Slightly Agree,Neutral,Disagree,Slightly Disagree,Slightly Agree,Slightly Disagree,Disagree,Agree,Disagree,Neutral,Slightly Disagree,Disagree,1,Disagree,4,Slightly Agree,2,Slightly Disagree,2,Slightly Disagree,2,Slightly Disagree,4,Slightly Agree,4,Slightly Agree,1,Disagree,2,Slightly Disagree,5,Agree,2,Slightly Disagree,5,Agree,5,Agree,4,Slightly Agree,3,Neutral,2,Slightly Disagree,3,Neutral,1,Disagree,4,Slightly Agree,5,Agree,5,Agree,2,Slightly Disagree,4,Slightly Agree,1,Disagree,1,Disagree,4,Slightly Agree,1,Disagree,4,Slightly Agree,2,Slightly Disagree,5,Agree,2,Slightly Disagree,1,Disagree,3,Neutral,1,Disagree,2,Slightly Disagree,2,Slightly Disagree,5,Agree,4,Slightly Agree,1,Disagree,4,Slightly Agree,3,Neutral,2,Slightly Disagree,1,Disagree,3,Neutral,3,Neutral,2,Slightly Disagree,3,Neutral,2,Slightly Disagree,5,Agree,3,Neutral,1,Disagree,5,Agree,1,Disagree,1,Disagree,3,Neutral,2,Slightly Disagree,1,Disagree,5,Agree
125,CXIZZB004V010037,I take time out for others,Neutral,Agree,Neutral,Agree,Slightly Agree,Agree,Slightly Agree,Neutral,Neutral,Agree,Neutral,Slightly Agree,Neutral,Agree,Agree,Neutral,Agree,Neutral,Neutral,Agree,Agree,Agree,Agree,Slightly Agree,Agree,Slightly Agree,Neutral,Agree,Neutral,Agree,Agree,Slightly Agree,Agree,Agree,Agree,Slightly Agree,Slightly Agree,Neutral,Agree,Agree,Agree,Slightly Agree,Neutral,Slightly Agree,Agree,Agree,Slightly Disagree,Agree,Slightly Agree,Agree,Slightly Disagree,Agree,Agree,Slightly Agree,Agree,Neutral,Slightly Agree,Agree,Agree,Slightly Agree,Slightly Agree,Agree,Agree,Agree,Slightly Agree,Agree,Slightly Agree,Agree,Disagree,Disagree,Neutral,Slightly Agree,Agree,Slightly Agree,Slightly Agree,Neutral,Agree,Slightly Agree,Agree,Slightly Agree,Agree,Agree,Neutral,Neutral,Agree,Agree,5,Agree,2,Slightly Disagree,4,Slightly Agree,4,Slightly Agree,4,Slightly Agree,3,Neutral,5,Agree,2,Slightly Disagree,3,Neutral,5,Agree,4,Slightly Agree,3,Neutral,4,Slightly Agree,2,Slightly Disagree,1,Disagree,3,Neutral,4,Slightly Agree,4,Slightly Agree,2,Slightly Disagree,2,Slightly Disagree,5,Agree,2,Slightly Disagree,4,Slightly Agree,5,Agree,2,Slightly Disagree,5,Agree,5,Agree,3,Neutral,4,Slightly Agree,5,Agree,2,Slightly Disagree,4,Slightly Agree,4,Slightly Agree,5,Agree,4,Slightly Agree,4,Slightly Agree,1,Disagree,5,Agree,4,Slightly Agree,4,Slightly Agree,3,Neutral,4,Slightly Agree,5,Agree,5,Agree,3,Neutral,1,Disagree,1,Disagree,4,Slightly Agree,5,Agree,1,Disagree,5,Agree,5,Agree,5,Agree,5,Agree,5,Disagree,1,Disagree,5,Agree,1,Disagree
126,CXIZZB004V010038,I shirk my duties,Disagree,Slightly Agree,Neutral,Disagree,Disagree,Disagree,Neutral,Neutral,Agree,Agree,Disagree,Neutral,Agree,Slightly Disagree,Disagree,Disagree,Disagree,Neutral,Slightly Disagree,Disagree,Disagree,Slightly Disagree,Neutral,Agree,Disagree,Neutral,Agree,Slightly Agree,Disagree,Disagree,Agree,Disagree,Disagree,Agree,Disagree,Disagree,Agree,Agree,Disagree,Disagree,Disagree,Disagree,Disagree,Disagree,Agree,Slightly Agree,Neutral,Disagree,Disagree,Neutral,Disagree,Disagree,Disagree,Slightly Disagree,Neutral,Disagree,Disagree,Disagree,Disagree,Disagree,Neutral,Disagree,Agree,Disagree,Agree,Disagree,Disagree,Disagree,Disagree,Slightly Agree,Disagree,Disagree,Disagree,Slightly Agree,Disagree,Agree,Agree,Neutral,Disagree,Disagree,Disagree,Disagree,Disagree,Slightly Disagree,Disagree,Slightly Disagree,1,Disagree,3,Neutral,1,Disagree,2,Slightly Disagree,1,Disagree,1,Disagree,1,Disagree,3,Neutral,4,Slightly Agree,1,Disagree,1,Disagree,1,Disagree,1,Disagree,2,Slightly Disagree,1,Disagree,1,Disagree,1,Disagree,1,Disagree,1,Disagree,1,Disagree,1,Disagree,1,Disagree,1,Disagree,1,Disagree,3,Neutral,1,Disagree,1,Disagree,2,Slightly Disagree,1,Disagree,1,Disagree,4,Slightly Agree,1,Disagree,1,Disagree,5,Agree,3,Neutral,3,Neutral,3,Neutral,5,Agree,1,Disagree,1,Disagree,3,Neutral,2,Slightly Disagree,1,Disagree,1,Disagree,5,Agree,5,Agree,1,Disagree,1,Disagree,5,Agree,5,Agree,1,Disagree,1,Disagree,1,Disagree,1,Disagree,5,Disagree,3,Neutral,1,Disagree,1,Disagree
127,CXIZZB004V010039,I have frequent mood swings,Disagree,Neutral,Neutral,Disagree,Agree,Neutral,Agree,Slightly Disagree,Slightly Agree,Disagree,Neutral,Slightly Disagree,Disagree,Disagree,Neutral,Neutral,Slightly Agree,Slightly Agree,Slightly Agree,Disagree,Disagree,Disagree,Slightly Agree,Slightly Disagree,Neutral,Neutral,Neutral,Disagree,Neutral,Disagree,Slightly Agree,Disagree,Neutral,Disagree,Disagree,Disagree,Slightly Agree,Disagree,Disagree,Neutral,Slightly Agree,Disagree,Slightly Agree,Disagree,Neutral,Disagree,Neutral,Disagree,Disagree,Slightly Agree,Slightly Agree,Neutral,Slightly Disagree,Slightly Agree,Disagree,Disagree,Slightly Disagree,Slightly Agree,Disagree,Slightly Agree,Slightly Disagree,Neutral,Disagree,Disagree,Disagree,Disagree,Slightly Agree,Neutral,Slightly Disagree,Disagree,Disagree,Agree,Disagree,Slightly Agree,Slightly Agree,Neutral,Disagree,Neutral,Slightly Disagree,Slightly Disagree,Agree,Slightly Agree,Slightly Disagree,Disagree,Neutral,Agree,4,Slightly Agree,5,Agree,1,Disagree,4,Slightly Agree,2,Slightly Disagree,2,Slightly Disagree,3,Neutral,5,Agree,1,Disagree,1,Disagree,1,Disagree,1,Disagree,1,Disagree,1,Disagree,1,Disagree,1,Disagree,2,Slightly Disagree,1,Disagree,1,Disagree,3,Neutral,2,Slightly Disagree,2,Slightly Disagree,1,Disagree,4,Slightly Agree,4,Slightly Agree,1,Disagree,1,Disagree,1,Disagree,2,Slightly Disagree,5,Agree,4,Slightly Agree,1,Disagree,1,Disagree,1,Disagree,1,Disagree,1,Disagree,1,Disagree,5,Agree,1,Disagree,1,Disagree,4,Slightly Agree,4,Slightly Agree,5,Agree,1,Disagree,1,Disagree,5,Agree,3,Neutral,1,Disagree,5,Agree,5,Agree,1,Disagree,2,Slightly Disagree,1,Disagree,1,Disagree,1,Disagree,2,Slightly Disagree,1,Disagree,1,Disagree
128,CXIZZB004V010040,I use difficult words,Disagree,Slightly Disagree,Neutral,Disagree,Disagree,Disagree,Neutral,Slightly Disagree,Neutral,Agree,Slightly Agree,Agree,Slightly Agree,Slightly Agree,Neutral,Slightly Disagree,Disagree,Agree,Slightly Disagree,Disagree,Disagree,Slightly Disagree,Neutral,Neutral,Slightly Disagree,Slightly Disagree,Slightly Disagree,Slightly Agree,Disagree,Disagree,Slightly Agree,Slightly Agree,Neutral,Disagree,Disagree,Disagree,Disagree,Disagree,Disagree,Disagree,Slightly Agree,Slightly Agree,Disagree,Neutral,Slightly Agree,Disagree,Slightly Disagree,Slightly Disagree,Disagree,Slightly Agree,Slightly Agree,Disagree,Disagree,Neutral,Disagree,Disagree,Disagree,Slightly Disagree,Neutral,Disagree,Slightly Disagree,Disagree,Disagree,Disagree,Disagree,Disagree,Disagree,Neutral,Disagree,Disagree,Disagree,Slightly Agree,Disagree,Disagree,Slightly Agree,Slightly Disagree,Disagree,Neutral,Disagree,Disagree,Slightly Agree,Slightly Disagree,Disagree,Slightly Agree,Disagree,Disagree,1,Disagree,1,Disagree,1,Disagree,2,Slightly Disagree,3,Neutral,2,Slightly Disagree,1,Disagree,1,Disagree,4,Slightly Agree,1,Disagree,1,Disagree,2,Slightly Disagree,1,Disagree,1,Disagree,1,Disagree,2,Slightly Disagree,3,Neutral,1,Disagree,1,Disagree,1,Disagree,2,Slightly Disagree,2,Slightly Disagree,1,Disagree,1,Disagree,1,Disagree,2,Slightly Disagree,1,Disagree,1,Disagree,1,Disagree,1,Disagree,4,Slightly Agree,4,Slightly Agree,5,Agree,1,Disagree,2,Slightly Disagree,1,Disagree,1,Disagree,5,Agree,1,Disagree,1,Disagree,3,Neutral,2,Slightly Disagree,1,Disagree,1,Disagree,1,Disagree,1,Disagree,4,Slightly Agree,2,Slightly Disagree,5,Agree,5,Agree,5,Agree,1,Disagree,1,Disagree,1,Disagree,1,Disagree,2,Slightly Disagree,1,Disagree,1,Disagree
129,CXIZZB004V010041,I don’t mind being at the center of attention,Slightly Agree,Neutral,Neutral,Agree,Agree,Slightly Agree,Neutral,Slightly Agree,Agree,Agree,Neutral,Slightly Agree,Slightly Disagree,Disagree,Disagree,Neutral,Slightly Disagree,Disagree,Slightly Agree,Neutral,Agree,Disagree,Neutral,Agree,Agree,Slightly Agree,Agree,Agree,Neutral,Slightly Agree,Agree,Slightly Agree,Disagree,Slightly Disagree,Disagree,Agree,Neutral,Neutral,Slightly Agree,Neutral,Agree,Agree,Slightly Agree,Slightly Agree,Neutral,Slightly Agree,Disagree,Agree,Agree,Agree,Disagree,Slightly Agree,Agree,Slightly Disagree,Slightly Agree,Agree,Slightly Agree,Neutral,Neutral,Agree,Neutral,Disagree,Agree,Agree,Slightly Disagree,Agree,Agree,Neutral,Disagree,Agree,Disagree,Slightly Disagree,Agree,Slightly Agree,Slightly Agree,Neutral,Disagree,Neutral,Slightly Agree,Slightly Agree,Agree,Agree,Slightly Disagree,Neutral,Neutral,Agree,1,Disagree,2,Slightly Disagree,4,Slightly Agree,4,Slightly Agree,5,Agree,3,Neutral,3,Neutral,3,Neutral,3,Neutral,1,Disagree,3,Neutral,2,Slightly Disagree,4,Slightly Agree,2,Slightly Disagree,1,Disagree,3,Neutral,3,Neutral,1,Disagree,2,Slightly Disagree,3,Neutral,3,Neutral,4,Slightly Agree,1,Disagree,1,Disagree,5,Agree,3,Neutral,1,Disagree,3,Neutral,4,Slightly Agree,1,Disagree,3,Neutral,4,Slightly Agree,5,Agree,4,Slightly Agree,5,Agree,1,Disagree,1,Disagree,5,Agree,1,Disagree,3,Neutral,3,Neutral,2,Slightly Disagree,1,Disagree,1,Disagree,4,Slightly Agree,5,Agree,3,Neutral,3,Neutral,1,Disagree,1,Disagree,5,Agree,3,Neutral,1,Disagree,1,Disagree,1,Disagree,2,Slightly Disagree,1,Disagree,1,Disagree
130,CXIZZB004V010042,I feel others’ emotions,Slightly Agree,Agree,Neutral,Agree,Slightly Agree,Neutral,Agree,Neutral,Agree,Agree,Neutral,Agree,Neutral,Agree,Agree,Slightly Agree,Agree,Slightly Agree,Slightly Agree,Agree,Slightly Agree,Neutral,Slightly Agree,Agree,Agree,Agree,Agree,Agree,Agree,Agree,Agree,Slightly Agree,Agree,Agree,Agree,Slightly Agree,Slightly Agree,Slightly Agree,Slightly Agree,Agree,Agree,Agree,Neutral,Agree,Neutral,Agree,Slightly Agree,Agree,Agree,Agree,Slightly Agree,Agree,Agree,Slightly Disagree,Agree,Agree,Agree,Agree,Neutral,Agree,Slightly Agree,Slightly Agree,Agree,Neutral,Slightly Agree,Agree,Slightly Agree,Agree,Agree,Disagree,Agree,Slightly Agree,Agree,Slightly Agree,Agree,Agree,Disagree,Slightly Agree,Slightly Agree,Agree,Agree,Agree,Slightly Agree,Neutral,Agree,Agree,2,Slightly Disagree,3,Neutral,4,Slightly Agree,4,Slightly Agree,3,Neutral,4,Slightly Agree,3,Neutral,5,Agree,1,Disagree,4,Slightly Agree,3,Neutral,2,Slightly Disagree,5,Agree,2,Slightly Disagree,1,Disagree,3,Neutral,2,Slightly Disagree,4,Slightly Agree,5,Agree,3,Neutral,3,Neutral,3,Neutral,3,Neutral,2,Slightly Disagree,4,Slightly Agree,5,Agree,5,Agree,5,Agree,4,Slightly Agree,5,Agree,2,Slightly Disagree,4,Slightly Agree,5,Agree,3,Neutral,4,Slightly Agree,4,Slightly Agree,4,Slightly Agree,5,Agree,5,Agree,4,Slightly Agree,3,Neutral,4,Slightly Agree,1,Disagree,1,Disagree,4,Slightly Agree,1,Disagree,2,Slightly Disagree,3,Neutral,1,Disagree,5,Agree,1,Disagree,3,Neutral,1,Disagree,5,Agree,5,Agree,1,Disagree,3,Neutral,1,Disagree
131,CXIZZB004V010043,I follow a schedule,Agree,Agree,Slightly Agree,Agree,Agree,Agree,Agree,Slightly Agree,Agree,Agree,Agree,Slightly Agree,Agree,Slightly Agree,Agree,Slightly Agree,Agree,Slightly Agree,Slightly Agree,Slightly Agree,Agree,Agree,Neutral,Agree,Agree,Slightly Agree,Agree,Slightly Disagree,Agree,Agree,Agree,Agree,Agree,Agree,Agree,Neutral,Slightly Agree,Agree,Agree,Agree,Slightly Disagree,Agree,Slightly Agree,Slightly Agree,Agree,Agree,Slightly Agree,Agree,Slightly Agree,Agree,Agree,Agree,Agree,Agree,Slightly Agree,Agree,Agree,Agree,Agree,Agree,Slightly Agree,Agree,Slightly Agree,Agree,Agree,Slightly Disagree,Agree,Agree,Agree,Slightly Disagree,Neutral,Slightly Disagree,Agree,Slightly Agree,Agree,Slightly Agree,Agree,Agree,Slightly Agree,Slightly Agree,Agree,Agree,Slightly Agree,Neutral,Agree,Slightly Disagree,4,Slightly Agree,3,Neutral,5,Agree,4,Slightly Agree,2,Slightly Disagree,5,Agree,5,Agree,5,Agree,4,Slightly Agree,5,Agree,5,Agree,5,Agree,5,Agree,2,Slightly Disagree,1,Disagree,4,Slightly Agree,5,Agree,5,Agree,4,Slightly Agree,4,Slightly Agree,5,Agree,4,Slightly Agree,5,Agree,4,Slightly Agree,3,Neutral,5,Agree,5,Agree,5,Agree,5,Agree,4,Slightly Agree,2,Slightly Disagree,4,Slightly Agree,4,Slightly Agree,3,Neutral,5,Agree,5,Agree,5,Agree,5,Agree,5,Agree,2,Slightly Disagree,4,Slightly Agree,4,Slightly Agree,5,Agree,3,Neutral,5,Agree,5,Agree,5,Agree,5,Agree,5,Agree,1,Disagree,5,Agree,5,Agree,5,Agree,5,Agree,5,Agree,2,Slightly Disagree,5,Agree,1,Disagree
132,CXIZZB004V010044,I get irritated easily,Disagree,Slightly Disagree,Neutral,Disagree,Disagree,Disagree,Neutral,Slightly Disagree,Neutral,Disagree,Neutral,Slightly Agree,Disagree,Disagree,Disagree,Disagree,Disagree,Agree,Slightly Disagree,Neutral,Disagree,Slightly Disagree,Disagree,Slightly Disagree,Disagree,Neutral,Slightly Disagree,Disagree,Disagree,Disagree,Slightly Agree,Disagree,Disagree,Disagree,Disagree,Disagree,Slightly Disagree,Neutral,Disagree,Disagree,Slightly Disagree,Disagree,Slightly Disagree,Slightly Agree,Disagree,Slightly Agree,Slightly Disagree,Disagree,Disagree,Slightly Agree,Disagree,Slightly Agree,Slightly Disagree,Slightly Agree,Disagree,Disagree,Slightly Disagree,Agree,Disagree,Slightly Disagree,Slightly Disagree,Disagree,Disagree,Disagree,Disagree,Disagree,Disagree,Slightly Disagree,Neutral,Agree,Disagree,Disagree,Disagree,Slightly Agree,Disagree,Slightly Agree,Disagree,Disagree,Slightly Disagree,Disagree,Slightly Agree,Slightly Disagree,Disagree,Disagree,Disagree,Slightly Disagree,4,Slightly Agree,1,Disagree,1,Disagree,2,Slightly Disagree,4,Slightly Agree,2,Slightly Disagree,1,Disagree,1,Disagree,1,Disagree,1,Disagree,1,Disagree,1,Disagree,1,Disagree,1,Disagree,1,Disagree,2,Slightly Disagree,1,Disagree,1,Disagree,1,Disagree,1,Disagree,2,Slightly Disagree,2,Slightly Disagree,1,Disagree,4,Slightly Agree,5,Agree,1,Disagree,2,Slightly Disagree,1,Disagree,2,Slightly Disagree,5,Agree,4,Slightly Agree,1,Disagree,1,Disagree,1,Disagree,3,Neutral,3,Neutral,3,Neutral,1,Disagree,1,Disagree,1,Disagree,3,Neutral,2,Slightly Disagree,5,Agree,3,Neutral,1,Disagree,5,Agree,1,Disagree,1,Disagree,5,Agree,5,Agree,5,Agree,3,Neutral,1,Disagree,1,Disagree,5,Agree,2,Slightly Disagree,1,Disagree,1,Disagree
133,CXIZZB004V010045,I like to reflect on past work ,Agree,Neutral,Slightly Agree,Neutral,Slightly Agree,Neutral,Disagree,Neutral,Neutral,Disagree,Neutral,Agree,Agree,Agree,Disagree,Neutral,Slightly Agree,Agree,Neutral,Agree,Slightly Agree,Neutral,Slightly Agree,Slightly Disagree,Disagree,Neutral,Disagree,Slightly Agree,Disagree,Slightly Agree,Slightly Agree,Slightly Agree,Disagree,Slightly Disagree,Neutral,Neutral,Slightly Disagree,Neutral,Slightly Agree,Slightly Disagree,Slightly Agree,Slightly Disagree,Neutral,Agree,Disagree,Disagree,Slightly Agree,Agree,Agree,Neutral,Disagree,Agree,Agree,Neutral,Agree,Neutral,Slightly Agree,Slightly Agree,Neutral,Slightly Disagree,Slightly Agree,Agree,Neutral,Disagree,Neutral,Agree,Agree,Slightly Agree,Agree,Agree,Agree,Disagree,Disagree,Slightly Agree,Slightly Agree,Disagree,Slightly Agree,Slightly Agree,Disagree,Agree,Slightly Agree,Slightly Agree,Agree,Neutral,Neutral,Slightly Agree,5,Disagree,4,Slightly Agree,1,Disagree,4,Slightly Agree,4,Slightly Agree,3,Neutral,4,Slightly Agree,5,Agree,3,Neutral,4,Slightly Agree,5,Agree,2,Slightly Disagree,5,Agree,4,Slightly Agree,1,Disagree,3,Neutral,5,Agree,5,Agree,4,Slightly Agree,4,Slightly Agree,5,Agree,4,Slightly Agree,5,Agree,5,Agree,4,Slightly Agree,5,Agree,1,Disagree,5,Agree,5,Agree,5,Agree,3,Neutral,3,Neutral,4,Slightly Agree,1,Disagree,2,Slightly Disagree,2,Slightly Disagree,1,Disagree,5,Agree,1,Disagree,5,Agree,5,Agree,4,Slightly Agree,5,Agree,4,Slightly Agree,4,Slightly Agree,4,Slightly Agree,1,Disagree,1,Disagree,1,Disagree,1,Disagree,1,Disagree,5,Agree,1,Disagree,2,Slightly Disagree,5,Agree,1,Disagree,5,Agree,1,Disagree
134,CXIZZB004V010046,I am quiet around strangers,Disagree,Agree,Neutral,Neutral,Neutral,Slightly Disagree,Agree,Agree,Slightly Agree,Slightly Disagree,Neutral,Slightly Agree,Agree,Slightly Agree,Disagree,Neutral,Disagree,Agree,Slightly Agree,Disagree,Slightly Disagree,Agree,Neutral,Slightly Disagree,Neutral,Disagree,Slightly Agree,Slightly Disagree,Neutral,Slightly Disagree,Disagree,Disagree,Disagree,Disagree,Neutral,Slightly Agree,Neutral,Neutral,Slightly Agree,Slightly Disagree,Slightly Agree,Slightly Agree,Neutral,Slightly Agree,Slightly Disagree,Disagree,Neutral,Slightly Agree,Disagree,Neutral,Slightly Agree,Disagree,Agree,Slightly Agree,Disagree,Neutral,Agree,Disagree,Disagree,Disagree,Slightly Disagree,Neutral,Neutral,Disagree,Neutral,Disagree,Agree,Slightly Agree,Agree,Neutral,Neutral,Agree,Agree,Agree,Slightly Agree,Neutral,Slightly Agree,Slightly Disagree,Neutral,Slightly Agree,Agree,Slightly Disagree,Slightly Disagree,Slightly Agree,Slightly Agree,Agree,4,Slightly Agree,3,Neutral,5,Agree,2,Slightly Disagree,1,Disagree,2,Slightly Disagree,4,Slightly Agree,5,Agree,3,Neutral,4,Slightly Agree,4,Slightly Agree,5,Agree,5,Agree,4,Slightly Agree,1,Disagree,1,Disagree,2,Slightly Disagree,4,Slightly Agree,2,Slightly Disagree,3,Neutral,4,Slightly Agree,3,Neutral,1,Disagree,4,Slightly Agree,3,Neutral,4,Slightly Agree,2,Slightly Disagree,1,Disagree,4,Slightly Agree,5,Agree,4,Slightly Agree,2,Slightly Disagree,1,Disagree,5,Agree,3,Neutral,3,Neutral,5,Agree,1,Disagree,5,Agree,1,Disagree,5,Agree,4,Slightly Agree,1,Disagree,3,Neutral,3,Neutral,4,Slightly Agree,4,Slightly Agree,4,Slightly Agree,5,Agree,5,Agree,5,Agree,1,Disagree,3,Neutral,2,Slightly Disagree,5,Agree,1,Disagree,5,Agree,1,Disagree
135,CXIZZB004V010047,I make people comfortable,Slightly Agree,Agree,Slightly Agree,Agree,Agree,Neutral,Agree,Agree,Agree,Agree,Neutral,Slightly Agree,Slightly Agree,Agree,Agree,Neutral,Agree,Agree,Slightly Agree,Agree,Agree,Agree,Agree,Slightly Agree,Agree,Slightly Agree,Slightly Agree,Agree,Agree,Agree,Agree,Agree,Agree,Agree,Agree,Slightly Agree,Slightly Agree,Agree,Slightly Agree,Agree,Agree,Slightly Agree,Slightly Agree,Slightly Agree,Agree,Slightly Agree,Neutral,Agree,Agree,Slightly Agree,Disagree,Agree,Slightly Agree,Agree,Agree,Agree,Agree,Agree,Agree,Agree,Slightly Agree,Slightly Agree,Agree,Agree,Agree,Agree,Neutral,Slightly Agree,Slightly Agree,Slightly Agree,Agree,Neutral,Agree,Agree,Agree,Agree,Agree,Slightly Agree,Agree,Slightly Agree,Slightly Disagree,Slightly Agree,Agree,Neutral,Agree,Slightly Agree,4,Slightly Agree,2,Slightly Disagree,4,Slightly Agree,4,Slightly Agree,2,Slightly Disagree,4,Slightly Agree,5,Agree,3,Neutral,4,Slightly Agree,4,Slightly Agree,1,Disagree,3,Neutral,4,Slightly Agree,3,Neutral,5,Agree,3,Neutral,5,Agree,3,Neutral,5,Agree,2,Slightly Disagree,5,Agree,4,Slightly Agree,5,Agree,4,Slightly Agree,5,Agree,5,Agree,3,Neutral,3,Neutral,4,Slightly Agree,3,Neutral,3,Neutral,5,Agree,5,Agree,5,Agree,4,Slightly Agree,4,Slightly Agree,5,Agree,1,Disagree,5,Agree,2,Slightly Disagree,3,Neutral,4,Slightly Agree,5,Agree,1,Disagree,5,Agree,2,Slightly Disagree,3,Neutral,2,Slightly Disagree,1,Disagree,1,Disagree,5,Agree,5,Agree,5,Agree,5,Agree,5,Agree,1,Disagree,5,Agree,1,Disagree
136,CXIZZB004V010048,I do things meticulously,Agree,Agree,Neutral,Agree,Agree,Neutral,Agree,Neutral,Agree,Agree,Neutral,Slightly Agree,Agree,Agree,Slightly Agree,Slightly Agree,Agree,Agree,Slightly Agree,Agree,Slightly Agree,Disagree,Slightly Agree,Agree,Agree,Neutral,Agree,Agree,Agree,Agree,Agree,Agree,Slightly Agree,Agree,Agree,Slightly Agree,Agree,Neutral,Slightly Agree,Agree,Agree,Agree,Slightly Agree,Slightly Agree,Agree,Slightly Agree,Slightly Agree,Agree,Agree,Slightly Agree,Agree,Slightly Agree,Agree,Slightly Agree,Slightly Agree,Agree,Agree,Slightly Agree,Agree,Slightly Agree,Neutral,Agree,Agree,Neutral,Slightly Agree,Agree,Agree,Agree,Agree,Disagree,Agree,Slightly Disagree,Agree,Slightly Agree,Agree,Neutral,Slightly Agree,Neutral,Slightly Agree,Agree,Agree,Slightly Agree,Neutral,Slightly Agree,Agree,Slightly Agree,4,Slightly Agree,2,Slightly Disagree,5,Agree,5,Agree,5,Agree,5,Agree,5,Agree,5,Agree,4,Slightly Agree,5,Agree,5,Agree,4,Slightly Agree,5,Agree,4,Slightly Agree,5,Agree,5,Agree,5,Agree,4,Slightly Agree,5,Agree,5,Agree,5,Agree,4,Slightly Agree,5,Agree,4,Slightly Agree,4,Slightly Agree,5,Agree,5,Agree,5,Agree,5,Agree,5,Agree,4,Slightly Agree,5,Agree,4,Slightly Agree,5,Agree,3,Neutral,3,Neutral,5,Agree,5,Agree,5,Agree,5,Agree,3,Neutral,4,Slightly Agree,5,Agree,2,Slightly Disagree,5,Agree,2,Slightly Disagree,2,Slightly Disagree,4,Slightly Agree,5,Agree,5,Agree,5,Agree,5,Agree,5,Agree,5,Agree,1,Disagree,2,Slightly Disagree,5,Agree,1,Disagree
137,CXIZZB004V010049,I often feel depressed,Disagree,Slightly Disagree,Neutral,Disagree,Disagree,Disagree,Slightly Agree,Slightly Agree,Neutral,Disagree,Slightly Agree,Slightly Agree,Disagree,Slightly Disagree,Disagree,Neutral,Disagree,Slightly Agree,Slightly Disagree,Disagree,Disagree,Slightly Disagree,Slightly Agree,Slightly Disagree,Neutral,Slightly Disagree,Neutral,Disagree,Disagree,Disagree,Slightly Disagree,Slightly Disagree,Disagree,Disagree,Slightly Agree,Disagree,Slightly Disagree,Disagree,Disagree,Disagree,Slightly Agree,Disagree,Slightly Agree,Slightly Disagree,Neutral,Slightly Agree,Slightly Disagree,Disagree,Disagree,Neutral,Disagree,Neutral,Slightly Disagree,Neutral,Neutral,Disagree,Disagree,Disagree,Disagree,Neutral,Slightly Disagree,Slightly Agree,Disagree,Disagree,Slightly Disagree,Disagree,Disagree,Neutral,Disagree,Agree,Disagree,Slightly Agree,Disagree,Slightly Disagree,Slightly Agree,Disagree,Disagree,Neutral,Slightly Agree,Slightly Agree,Agree,Disagree,Disagree,Neutral,Disagree,Disagree,1,Disagree,4,Slightly Agree,1,Disagree,2,Slightly Disagree,3,Neutral,4,Slightly Agree,3,Neutral,4,Slightly Agree,2,Slightly Disagree,1,Disagree,4,Slightly Agree,1,Disagree,4,Slightly Agree,2,Slightly Disagree,1,Disagree,3,Neutral,3,Neutral,2,Slightly Disagree,1,Disagree,3,Neutral,3,Neutral,2,Slightly Disagree,1,Disagree,2,Slightly Disagree,4,Slightly Agree,1,Disagree,1,Disagree,1,Disagree,4,Slightly Agree,5,Agree,3,Neutral,1,Disagree,3,Neutral,4,Slightly Agree,2,Slightly Disagree,2,Slightly Disagree,2,Slightly Disagree,5,Agree,1,Disagree,2,Slightly Disagree,4,Slightly Agree,4,Slightly Agree,5,Agree,3,Neutral,5,Agree,4,Slightly Agree,1,Disagree,4,Slightly Agree,5,Agree,1,Disagree,5,Agree,1,Disagree,1,Disagree,1,Disagree,3,Neutral,3,Neutral,1,Disagree,1,Disagree
138,CXIZZB004V010050,I am full of ideas,Agree,Neutral,Slightly Agree,Agree,Agree,Agree,Neutral,Slightly Agree,Agree,Agree,Neutral,Agree,Agree,Slightly Agree,Agree,Agree,Slightly Agree,Slightly Agree,Slightly Agree,Agree,Slightly Agree,Agree,Neutral,Slightly Agree,Agree,Agree,Agree,Slightly Disagree,Neutral,Agree,Slightly Agree,Agree,Agree,Agree,Agree,Slightly Agree,Slightly Disagree,Agree,Slightly Agree,Slightly Agree,Agree,Slightly Agree,Neutral,Neutral,Slightly Agree,Slightly Agree,Slightly Agree,Agree,Agree,Agree,Slightly Agree,Slightly Agree,Slightly Agree,Agree,Neutral,Neutral,Agree,Slightly Agree,Slightly Agree,Slightly Agree,Slightly Agree,Slightly Agree,Slightly Agree,Slightly Agree,Slightly Agree,Agree,Slightly Agree,Neutral,Neutral,Agree,Neutral,Slightly Disagree,Slightly Agree,Slightly Disagree,Agree,Neutral,Slightly Agree,Slightly Agree,Slightly Agree,Slightly Agree,Slightly Agree,Slightly Disagree,Slightly Disagree,Slightly Agree,Slightly Agree,Agree,5,Agree,3,Neutral,4,Slightly Agree,4,Slightly Agree,3,Neutral,4,Slightly Agree,4,Slightly Agree,5,Agree,2,Slightly Disagree,1,Disagree,3,Neutral,4,Slightly Agree,5,Agree,5,Agree,1,Disagree,3,Neutral,3,Neutral,3,Neutral,4,Slightly Agree,5,Agree,5,Agree,4,Slightly Agree,5,Agree,4,Slightly Agree,3,Neutral,5,Agree,1,Disagree,5,Agree,4,Slightly Agree,5,Agree,2,Slightly Disagree,5,Agree,4,Slightly Agree,5,Agree,3,Neutral,3,Neutral,3,Neutral,5,Agree,4,Slightly Agree,5,Agree,4,Slightly Agree,4,Slightly Agree,5,Agree,4,Slightly Agree,5,Agree,5,Agree,4,Slightly Agree,5,Agree,5,Agree,5,Agree,4,Slightly Agree,5,Agree,5,Agree,5,Agree,5,Agree,1,Disagree,5,Agree,1,Disagree
